,Zone,Period,Pickup occurences,Delivery occurences
0,1,Morning,"{""0"": 342, ""1"": 17, ""2"": 6}","{""0"": 304, ""1"": 56, ""2"": 5}"
1,1,Day,"{""0"": 326, ""1"": 33, ""2"": 4, ""3"": 2}","{""0"": 321, ""1"": 40, ""2"": 4}"
2,1,Evening,"{""0"": 274, ""1"": 68, ""2"": 22, ""3"": 1}","{""0"": 294, ""1"": 63, ""2"": 6, ""3"": 1, ""4"": 1}"
3,2,Morning,"{""0"": 342, ""1"": 19, ""2"": 4}","{""0"": 335, ""1"": 28, ""2"": 2}"
4,2,Day,"{""0"": 324, ""1"": 35, ""2"": 5, ""3"": 1}","{""0"": 319, ""1"": 38, ""2"": 7, ""3"": 1}"
5,2,Evening,"{""0"": 295, ""1"": 59, ""2"": 10, ""3"": 1}","{""0"": 295, ""1"": 57, ""2"": 12, ""3"": 1}"
6,3,Morning,"{""0"": 335, ""1"": 28, ""2"": 1, ""3"": 1}","{""0"": 349, ""1"": 14, ""2"": 2}"
7,3,Day,"{""0"": 311, ""1"": 43, ""2"": 10, ""4"": 1}","{""0"": 294, ""1"": 50, ""2"": 11, ""3"": 8, ""4"": 1, ""7"": 1}"
8,3,Evening,"{""0"": 295, ""1"": 46, ""2"": 17, ""3"": 5, ""4"": 2}","{""0"": 279, ""1"": 71, ""2"": 12, ""3"": 2, ""4"": 1}"
9,4,Morning,"{""0"": 325, ""1"": 33, ""2"": 7}","{""0"": 303, ""1"": 57, ""2"": 5}"
10,4,Day,"{""0"": 299, ""1"": 54, ""2"": 9, ""3"": 2, ""4"": 1}","{""0"": 279, ""1"": 64, ""2"": 18, ""3"": 3, ""4"": 1}"
11,4,Evening,"{""0"": 260, ""1"": 71, ""2"": 23, ""3"": 7, ""4"": 4}","{""0"": 262, ""1"": 76, ""2"": 21, ""3"": 3, ""4"": 2, ""5"": 1}"
12,5,Morning,"{""0"": 333, ""1"": 29, ""2"": 3}","{""0"": 358, ""1"": 6, ""2"": 1}"
13,5,Day,"{""0"": 326, ""1"": 37, ""2"": 2}","{""0"": 335, ""1"": 28, ""2"": 2}"
14,5,Evening,"{""0"": 317, ""1"": 42, ""2"": 6}","{""0"": 314, ""1"": 49, ""2"": 2}"
15,6,Morning,"{""0"": 332, ""1"": 31, ""2"": 2}","{""0"": 350, ""1"": 14, ""2"": 1}"
16,6,Day,"{""0"": 341, ""1"": 22, ""2"": 2}","{""0"": 331, ""1"": 32, ""2"": 2}"
17,6,Evening,"{""0"": 311, ""1"": 52, ""2"": 2}","{""0"": 303, ""1"": 54, ""2"": 7, ""3"": 1}"
18,7,Morning,"{""0"": 327, ""1"": 36, ""2"": 2}","{""0"": 327, ""1"": 36, ""2"": 2}"
19,7,Day,"{""0"": 264, ""1"": 77, ""2"": 15, ""3"": 7, ""4"": 1, ""5"": 1}","{""0"": 260, ""1"": 65, ""2"": 22, ""3"": 9, ""4"": 3, ""5"": 2, ""6"": 2, ""7"": 1, ""8"": 1}"
20,7,Evening,"{""0"": 201, ""1"": 104, ""2"": 35, ""3"": 16, ""4"": 7, ""5"": 2}","{""0"": 185, ""1"": 121, ""2"": 43, ""3"": 13, ""4"": 3}"
21,8,Morning,"{""0"": 295, ""1"": 65, ""2"": 5}","{""0"": 341, ""1"": 24}"
22,8,Day,"{""0"": 292, ""1"": 56, ""2"": 14, ""3"": 2, ""5"": 1}","{""0"": 284, ""1"": 58, ""2"": 13, ""3"": 8, ""4"": 1, ""5"": 1}"
23,8,Evening,"{""0"": 233, ""1"": 80, ""2"": 37, ""3"": 13, ""4"": 1, ""7"": 1}","{""0"": 216, ""1"": 96, ""2"": 35, ""3"": 16, ""4"": 1, ""8"": 1}"
24,9,Morning,"{""0"": 329, ""1"": 31, ""2"": 5}","{""0"": 339, ""1"": 25, ""3"": 1}"
25,9,Day,"{""0"": 322, ""1"": 40, ""2"": 3}","{""0"": 330, ""1"": 31, ""2"": 3, ""3"": 1}"
26,9,Evening,"{""0"": 317, ""1"": 41, ""2"": 6, ""3"": 1}","{""0"": 289, ""1"": 67, ""2"": 7, ""3"": 1, ""4"": 1}"
27,10,Morning,"{""0"": 316, ""1"": 46, ""2"": 3}","{""0"": 355, ""1"": 9, ""2"": 1}"
28,10,Day,"{""0"": 305, ""1"": 53, ""2"": 7}","{""0"": 326, ""1"": 32, ""2"": 7}"
29,10,Evening,"{""0"": 271, ""1"": 79, ""2"": 13, ""3"": 2}","{""0"": 225, ""1"": 101, ""2"": 33, ""3"": 5, ""4"": 1}"
30,11,Morning,"{""0"": 328, ""1"": 30, ""2"": 6, ""3"": 1}","{""0"": 356, ""1"": 7, ""2"": 2}"
31,11,Day,"{""0"": 311, ""1"": 45, ""2"": 9}","{""0"": 324, ""1"": 37, ""2"": 4}"
32,11,Evening,"{""0"": 306, ""1"": 52, ""2"": 4, ""3"": 2, ""4"": 1}","{""0"": 291, ""1"": 55, ""2"": 14, ""3"": 4, ""4"": 1}"
33,12,Morning,"{""0"": 295, ""1"": 59, ""2"": 9, ""3"": 1, ""4"": 1}","{""0"": 346, ""1"": 19}"
34,12,Day,"{""0"": 327, ""1"": 34, ""2"": 4}","{""0"": 324, ""1"": 37, ""2"": 4}"
35,12,Evening,"{""0"": 265, ""1"": 64, ""2"": 29, ""3"": 7}","{""0"": 233, ""1"": 89, ""2"": 26, ""3"": 15, ""4"": 1, ""5"": 1}"
36,13,Morning,"{""0"": 302, ""1"": 53, ""2"": 9, ""3"": 1}","{""0"": 364, ""1"": 1}"
37,13,Day,"{""0"": 337, ""1"": 26, ""2"": 2}","{""0"": 327, ""1"": 34, ""2"": 4}"
38,13,Evening,"{""0"": 297, ""1"": 60, ""2"": 8}","{""0"": 245, ""1"": 95, ""2"": 20, ""3"": 5}"
39,14,Morning,"{""0"": 270, ""1"": 81, ""2"": 12, ""3"": 2}","{""0"": 333, ""1"": 32}"
40,14,Day,"{""0"": 300, ""1"": 60, ""2"": 5}","{""0"": 297, ""1"": 54, ""2"": 12, ""3"": 1, ""5"": 1}"
41,14,Evening,"{""0"": 238, ""1"": 92, ""2"": 27, ""3"": 6, ""4"": 2}","{""0"": 199, ""1"": 109, ""2"": 45, ""3"": 11, ""5"": 1}"
42,15,Morning,"{""0"": 293, ""1"": 53, ""2"": 14, ""3"": 5}","{""0"": 324, ""1"": 37, ""2"": 4}"
43,15,Day,"{""0"": 293, ""1"": 59, ""2"": 9, ""3"": 4}","{""0"": 298, ""1"": 53, ""2"": 10, ""3"": 3, ""5"": 1}"
44,15,Evening,"{""0"": 249, ""1"": 75, ""2"": 33, ""3"": 8}","{""0"": 236, ""1"": 83, ""2"": 29, ""3"": 13, ""4"": 3, ""5"": 1}"
45,16,Morning,"{""0"": 336, ""1"": 28, ""3"": 1}","{""0"": 362, ""1"": 2, ""2"": 1}"
46,16,Day,"{""0"": 360, ""1"": 4, ""2"": 1}","{""0"": 352, ""1"": 13}"
47,16,Evening,"{""0"": 336, ""1"": 27, ""2"": 2}","{""0"": 316, ""1"": 45, ""2"": 4}"
48,17,Morning,"{""0"": 314, ""1"": 51}","{""0"": 332, ""1"": 32, ""2"": 1}"
49,17,Day,"{""0"": 324, ""1"": 39, ""2"": 2}","{""0"": 320, ""1"": 39, ""2"": 5, ""3"": 1}"
50,17,Evening,"{""0"": 316, ""1"": 42, ""2"": 7}","{""0"": 292, ""1"": 64, ""2"": 9}"
51,18,Morning,"{""0"": 294, ""1"": 61, ""2"": 10}","{""0"": 330, ""1"": 35}"
52,18,Day,"{""0"": 289, ""1"": 63, ""2"": 13}","{""0"": 313, ""1"": 44, ""2"": 8}"
53,18,Evening,"{""0"": 264, ""1"": 79, ""2"": 14, ""3"": 7, ""4"": 1}","{""0"": 232, ""1"": 95, ""2"": 34, ""3"": 4}"
54,19,Morning,"{""0"": 345, ""1"": 20}","{""0"": 361, ""1"": 4}"
55,19,Day,"{""0"": 340, ""1"": 24, ""3"": 1}","{""0"": 336, ""1"": 27, ""2"": 2}"
56,19,Evening,"{""0"": 295, ""1"": 62, ""2"": 7, ""3"": 1}","{""0"": 285, ""1"": 67, ""2"": 12, ""3"": 1}"
57,20,Morning,"{""0"": 335, ""1"": 29, ""2"": 1}","{""0"": 338, ""1"": 27}"
58,20,Day,"{""0"": 337, ""1"": 28}","{""0"": 329, ""1"": 34, ""2"": 2}"
59,20,Evening,"{""0"": 305, ""1"": 51, ""2"": 9}","{""0"": 306, ""1"": 47, ""2"": 12}"
60,21,Morning,"{""0"": 330, ""1"": 29, ""2"": 5, ""3"": 1}","{""0"": 336, ""1"": 29}"
61,21,Day,"{""0"": 321, ""1"": 39, ""2"": 4, ""3"": 1}","{""0"": 337, ""1"": 24, ""2"": 3, ""3"": 1}"
62,21,Evening,"{""0"": 295, ""1"": 66, ""2"": 3, ""3"": 1}","{""0"": 294, ""1"": 53, ""2"": 16, ""3"": 2}"
63,22,Morning,"{""0"": 346, ""1"": 19}","{""0"": 354, ""1"": 10, ""2"": 1}"
64,22,Day,"{""0"": 338, ""1"": 23, ""2"": 3, ""3"": 1}","{""0"": 339, ""1"": 23, ""2"": 3}"
65,22,Evening,"{""0"": 337, ""1"": 25, ""2"": 3}","{""0"": 317, ""1"": 43, ""2"": 5}"
66,23,Morning,"{""0"": 318, ""1"": 40, ""2"": 5, ""3"": 2}","{""0"": 359, ""1"": 6}"
67,23,Day,"{""0"": 299, ""1"": 54, ""2"": 12}","{""0"": 309, ""1"": 50, ""2"": 6}"
68,23,Evening,"{""0"": 265, ""1"": 84, ""2"": 13, ""3"": 1, ""4"": 1, ""5"": 1}","{""0"": 237, ""1"": 92, ""2"": 28, ""3"": 6, ""5"": 1, ""6"": 1}"
69,24,Morning,"{""0"": 321, ""1"": 39, ""2"": 5}","{""0"": 350, ""1"": 14, ""2"": 1}"
70,24,Day,"{""0"": 317, ""1"": 40, ""2"": 5, ""3"": 3}","{""0"": 318, ""1"": 36, ""2"": 9, ""3"": 1, ""4"": 1}"
71,24,Evening,"{""0"": 319, ""1"": 34, ""2"": 12}","{""0"": 292, ""1"": 59, ""2"": 13, ""3"": 1}"
72,25,Morning,"{""0"": 352, ""1"": 13}","{""0"": 357, ""1"": 6, ""2"": 2}"
73,25,Day,"{""0"": 350, ""1"": 15}","{""0"": 340, ""1"": 25}"
74,25,Evening,"{""0"": 330, ""1"": 32, ""2"": 3}","{""0"": 317, ""1"": 47, ""2"": 1}"
75,26,Morning,"{""0"": 291, ""1"": 62, ""2"": 12}","{""0"": 349, ""1"": 16}"
76,26,Day,"{""0"": 315, ""1"": 42, ""2"": 6, ""3"": 2}","{""0"": 323, ""1"": 36, ""2"": 4, ""3"": 1, ""4"": 1}"
77,26,Evening,"{""0"": 273, ""1"": 78, ""2"": 13, ""5"": 1}","{""0"": 240, ""1"": 91, ""2"": 26, ""3"": 6, ""4"": 1, ""5"": 1}"
78,27,Morning,"{""0"": 336, ""1"": 28, ""2"": 1}","{""0"": 361, ""1"": 3, ""2"": 1}"
79,27,Day,"{""0"": 338, ""1"": 24, ""2"": 3}","{""0"": 331, ""1"": 32, ""2"": 2}"
80,27,Evening,"{""0"": 307, ""1"": 46, ""2"": 11, ""3"": 1}","{""0"": 293, ""1"": 65, ""2"": 7}"
81,28,Morning,"{""0"": 305, ""1"": 53, ""2"": 7}","{""0"": 348, ""1"": 17}"
82,28,Day,"{""0"": 305, ""1"": 54, ""2"": 6}","{""0"": 295, ""1"": 64, ""2"": 5, ""3"": 1}"
83,28,Evening,"{""0"": 269, ""1"": 74, ""2"": 19, ""3"": 3}","{""0"": 239, ""1"": 95, ""2"": 25, ""3"": 5, ""4"": 1}"
84,29,Morning,"{""0"": 245, ""1"": 94, ""2"": 21, ""3"": 4, ""4"": 1}","{""0"": 268, ""1"": 78, ""2"": 16, ""3"": 3}"
85,29,Day,"{""0"": 246, ""1"": 88, ""2"": 20, ""3"": 9, ""4"": 1, ""5"": 1}","{""0"": 260, ""1"": 71, ""2"": 25, ""3"": 7, ""4"": 2}"
86,29,Evening,"{""0"": 172, ""1"": 115, ""2"": 45, ""3"": 26, ""4"": 4, ""5"": 3}","{""0"": 169, ""1"": 121, ""2"": 47, ""3"": 19, ""4"": 8, ""5"": 1}"
87,30,Morning,"{""0"": 331, ""1"": 33, ""2"": 1}","{""0"": 264, ""1"": 73, ""2"": 27, ""3"": 1}"
88,30,Day,"{""0"": 297, ""1"": 55, ""2"": 12, ""3"": 1}","{""0"": 302, ""1"": 54, ""2"": 6, ""3"": 3}"
89,30,Evening,"{""0"": 246, ""1"": 81, ""2"": 30, ""3"": 7, ""4"": 1}","{""0"": 285, ""1"": 61, ""2"": 16, ""3"": 3}"
90,31,Morning,"{""0"": 327, ""1"": 37, ""2"": 1}","{""0"": 300, ""1"": 57, ""2"": 7, ""3"": 1}"
91,31,Day,"{""0"": 308, ""1"": 49, ""2"": 6, ""3"": 2}","{""0"": 298, ""1"": 56, ""2"": 10, ""3"": 1}"
92,31,Evening,"{""0"": 265, ""1"": 78, ""2"": 16, ""3"": 5, ""4"": 1}","{""0"": 266, ""1"": 84, ""2"": 14, ""3"": 1}"
93,32,Morning,"{""0"": 313, ""1"": 48, ""2"": 4}","{""0"": 345, ""1"": 19, ""2"": 1}"
94,32,Day,"{""0"": 309, ""1"": 46, ""2"": 9, ""3"": 1}","{""0"": 319, ""1"": 41, ""2"": 5}"
95,32,Evening,"{""0"": 244, ""1"": 90, ""2"": 23, ""3"": 7, ""6"": 1}","{""0"": 217, ""1"": 102, ""2"": 38, ""3"": 6, ""4"": 1, ""5"": 1}"
96,33,Morning,"{""0"": 315, ""1"": 47, ""2"": 3}","{""0"": 353, ""1"": 11, ""2"": 1}"
97,33,Day,"{""0"": 316, ""1"": 42, ""2"": 6, ""3"": 1}","{""0"": 305, ""1"": 54, ""2"": 6}"
98,33,Evening,"{""0"": 265, ""1"": 75, ""2"": 23, ""3"": 2}","{""0"": 240, ""1"": 105, ""2"": 13, ""3"": 5, ""4"": 2}"
99,34,Morning,"{""0"": 304, ""1"": 55, ""2"": 6}","{""0"": 332, ""1"": 27, ""2"": 6}"
100,34,Day,"{""0"": 302, ""1"": 54, ""2"": 9}","{""0"": 294, ""1"": 62, ""2"": 8, ""3"": 1}"
101,34,Evening,"{""0"": 273, ""1"": 72, ""2"": 18, ""3"": 2}","{""0"": 265, ""1"": 79, ""2"": 19, ""3"": 2}"
102,35,Morning,"{""0"": 301, ""1"": 54, ""2"": 8, ""3"": 2}","{""0"": 339, ""1"": 24, ""2"": 2}"
103,35,Day,"{""0"": 333, ""1"": 30, ""2"": 2}","{""0"": 327, ""1"": 33, ""2"": 5}"
104,35,Evening,"{""0"": 313, ""1"": 42, ""2"": 9, ""3"": 1}","{""0"": 273, ""1"": 66, ""2"": 22, ""3"": 4}"
105,36,Morning,"{""0"": 206, ""1"": 87, ""2"": 50, ""3"": 20, ""4"": 2}","{""0"": 334, ""1"": 31}"
106,36,Day,"{""0"": 302, ""1"": 47, ""2"": 13, ""3"": 3}","{""0"": 280, ""1"": 60, ""2"": 22, ""3"": 1, ""4"": 2}"
107,36,Evening,"{""0"": 195, ""1"": 114, ""2"": 41, ""3"": 15}","{""0"": 141, ""1"": 105, ""2"": 73, ""3"": 34, ""4"": 10, ""5"": 2}"
108,37,Morning,"{""0"": 317, ""1"": 42, ""2"": 6}","{""0"": 354, ""1"": 11}"
109,37,Day,"{""0"": 336, ""1"": 25, ""2"": 4}","{""0"": 340, ""1"": 25}"
110,37,Evening,"{""0"": 307, ""1"": 51, ""2"": 6, ""3"": 1}","{""0"": 279, ""1"": 66, ""2"": 18, ""3"": 2}"
111,38,Morning,"{""0"": 349, ""1"": 13, ""2"": 3}","{""0"": 363, ""1"": 2}"
112,38,Day,"{""0"": 352, ""1"": 12, ""2"": 1}","{""0"": 344, ""1"": 21}"
113,38,Evening,"{""0"": 325, ""1"": 32, ""2"": 8}","{""0"": 314, ""1"": 43, ""2"": 6, ""3"": 2}"
114,39,Morning,"{""0"": 328, ""1"": 36, ""2"": 1}","{""0"": 320, ""1"": 41, ""2"": 4}"
115,39,Day,"{""0"": 302, ""1"": 51, ""2"": 10, ""3"": 2}","{""0"": 323, ""1"": 33, ""2"": 8, ""3"": 1}"
116,39,Evening,"{""0"": 288, ""1"": 63, ""2"": 10, ""3"": 4}","{""0"": 279, ""1"": 70, ""2"": 15, ""3"": 1}"
117,40,Morning,"{""0"": 348, ""1"": 14, ""2"": 3}","{""0"": 342, ""1"": 20, ""2"": 3}"
118,40,Day,"{""0"": 288, ""1"": 67, ""2"": 9, ""3"": 1}","{""0"": 292, ""1"": 63, ""2"": 9, ""3"": 1}"
119,40,Evening,"{""0"": 238, ""1"": 83, ""2"": 33, ""3"": 9, ""4"": 2}","{""0"": 214, ""1"": 107, ""2"": 31, ""3"": 11, ""4"": 2}"
120,41,Morning,"{""0"": 128, ""1"": 70, ""2"": 66, ""3"": 64, ""4"": 25, ""5"": 7, ""6"": 3, ""9"": 2}","{""0"": 137, ""1"": 57, ""2"": 48, ""3"": 44, ""4"": 26, ""5"": 19, ""6"": 18, ""7"": 10, ""8"": 1, ""9"": 2, ""10"": 2, ""14"": 1}"
121,41,Day,"{""0"": 92, ""1"": 78, ""2"": 80, ""3"": 54, ""4"": 32, ""5"": 13, ""6"": 9, ""7"": 2, ""8"": 1, ""9"": 3, ""11"": 1}","{""0"": 84, ""1"": 82, ""2"": 70, ""3"": 57, ""4"": 40, ""5"": 15, ""6"": 12, ""7"": 1, ""8"": 2, ""9"": 1, ""12"": 1}"
122,41,Evening,"{""0"": 49, ""1"": 41, ""2"": 48, ""3"": 50, ""4"": 55, ""5"": 46, ""6"": 24, ""7"": 18, ""8"": 16, ""9"": 9, ""10"": 5, ""11"": 3, ""12"": 1}","{""0"": 48, ""1"": 52, ""2"": 56, ""3"": 77, ""4"": 50, ""5"": 28, ""6"": 26, ""7"": 12, ""8"": 8, ""9"": 5, ""10"": 3}"
123,42,Morning,"{""0"": 339, ""1"": 24, ""2"": 1, ""3"": 1}","{""0"": 349, ""1"": 15, ""2"": 1}"
124,42,Day,"{""0"": 338, ""1"": 25, ""2"": 2}","{""0"": 339, ""1"": 22, ""2"": 4}"
125,42,Evening,"{""0"": 300, ""1"": 53, ""2"": 11, ""3"": 1}","{""0"": 286, ""1"": 66, ""2"": 11, ""3"": 2}"
126,43,Morning,"{""0"": 338, ""1"": 26, ""2"": 1}","{""0"": 352, ""1"": 13}"
127,43,Day,"{""0"": 339, ""1"": 24, ""2"": 1, ""3"": 1}","{""0"": 331, ""1"": 31, ""2"": 2, ""3"": 1}"
128,43,Evening,"{""0"": 305, ""1"": 57, ""2"": 2, ""3"": 1}","{""0"": 301, ""1"": 55, ""2"": 8, ""3"": 1}"
129,44,Morning,"{""0"": 346, ""1"": 19}","{""0"": 335, ""1"": 29, ""2"": 1}"
130,44,Day,"{""0"": 320, ""1"": 40, ""2"": 4, ""3"": 1}","{""0"": 313, ""1"": 43, ""2"": 9}"
131,44,Evening,"{""0"": 295, ""1"": 58, ""2"": 9, ""3"": 2, ""4"": 1}","{""0"": 294, ""1"": 61, ""2"": 8, ""3"": 2}"
132,45,Morning,"{""0"": 338, ""1"": 26, ""2"": 1}","{""0"": 316, ""1"": 43, ""2"": 6}"
133,45,Day,"{""0"": 313, ""1"": 43, ""2"": 7, ""3"": 2}","{""0"": 317, ""1"": 42, ""2"": 4, ""3"": 2}"
134,45,Evening,"{""0"": 269, ""1"": 75, ""2"": 19, ""3"": 2}","{""0"": 277, ""1"": 72, ""2"": 14, ""3"": 2}"
135,46,Morning,"{""0"": 348, ""1"": 17}","{""0"": 314, ""1"": 49, ""2"": 2}"
136,46,Day,"{""0"": 324, ""1"": 38, ""2"": 3}","{""0"": 341, ""1"": 22, ""2"": 2}"
137,46,Evening,"{""0"": 320, ""1"": 35, ""2"": 10}","{""0"": 318, ""1"": 40, ""2"": 7}"
138,47,Morning,"{""0"": 316, ""1"": 40, ""2"": 9}","{""0"": 347, ""1"": 16, ""2"": 2}"
139,47,Day,"{""0"": 307, ""1"": 50, ""2"": 7, ""3"": 1}","{""0"": 318, ""1"": 41, ""2"": 6}"
140,47,Evening,"{""0"": 283, ""1"": 64, ""2"": 17, ""3"": 1}","{""0"": 236, ""1"": 96, ""2"": 29, ""3"": 4}"
141,48,Morning,"{""0"": 284, ""1"": 67, ""2"": 14}","{""0"": 339, ""1"": 24, ""2"": 2}"
142,48,Day,"{""0"": 290, ""1"": 58, ""2"": 12, ""3"": 3, ""4"": 2}","{""0"": 285, ""1"": 64, ""2"": 13, ""3"": 2, ""4"": 1}"
143,48,Evening,"{""0"": 225, ""1"": 106, ""2"": 25, ""3"": 7, ""4"": 2}","{""0"": 189, ""1"": 113, ""2"": 48, ""3"": 13, ""4"": 1, ""5"": 1}"
144,49,Morning,"{""0"": 282, ""1"": 64, ""2"": 17, ""3"": 1, ""4"": 1}","{""0"": 327, ""1"": 37, ""2"": 1}"
145,49,Day,"{""0"": 270, ""1"": 75, ""2"": 17, ""3"": 3}","{""0"": 272, ""1"": 77, ""2"": 12, ""3"": 4}"
146,49,Evening,"{""0"": 206, ""1"": 103, ""2"": 44, ""3"": 7, ""4"": 2, ""5"": 2, ""6"": 1}","{""0"": 181, ""1"": 95, ""2"": 59, ""3"": 23, ""4"": 6, ""6"": 1}"
147,50,Morning,"{""0"": 339, ""1"": 23, ""2"": 1, ""3"": 2}","{""0"": 349, ""1"": 15, ""5"": 1}"
148,50,Day,"{""0"": 319, ""1"": 44, ""2"": 2}","{""0"": 322, ""1"": 40, ""2"": 3}"
149,50,Evening,"{""0"": 262, ""1"": 80, ""2"": 20, ""3"": 2, ""4"": 1}","{""0"": 252, ""1"": 90, ""2"": 19, ""3"": 3, ""5"": 1}"
150,51,Morning,"{""0"": 194, ""1"": 112, ""2"": 48, ""3"": 8, ""4"": 3}","{""0"": 268, ""1"": 79, ""2"": 16, ""3"": 2}"
151,51,Day,"{""0"": 177, ""1"": 103, ""2"": 59, ""3"": 15, ""4"": 9, ""5"": 1, ""6"": 1}","{""0"": 181, ""1"": 101, ""2"": 46, ""3"": 23, ""4"": 9, ""5"": 5}"
152,51,Evening,"{""0"": 84, ""1"": 101, ""2"": 75, ""3"": 51, ""4"": 27, ""5"": 19, ""6"": 3, ""7"": 4, ""8"": 1}","{""0"": 81, ""1"": 76, ""2"": 80, ""3"": 64, ""4"": 38, ""5"": 12, ""6"": 6, ""7"": 5, ""8"": 1, ""9"": 2}"
153,52,Morning,"{""0"": 127, ""1"": 105, ""2"": 57, ""3"": 42, ""4"": 22, ""5"": 11, ""7"": 1}","{""0"": 305, ""1"": 52, ""2"": 7, ""3"": 1}"
154,52,Day,"{""0"": 172, ""1"": 118, ""2"": 42, ""3"": 16, ""4"": 14, ""5"": 2, ""8"": 1}","{""0"": 177, ""1"": 123, ""2"": 42, ""3"": 17, ""4"": 6}"
155,52,Evening,"{""0"": 55, ""1"": 77, ""2"": 96, ""3"": 61, ""4"": 27, ""5"": 27, ""6"": 11, ""7"": 7, ""8"": 4}","{""0"": 41, ""1"": 57, ""2"": 76, ""3"": 73, ""4"": 51, ""5"": 30, ""6"": 20, ""7"": 12, ""8"": 1, ""9"": 1, ""10"": 2, ""11"": 1}"
156,53,Morning,"{""0"": 249, ""1"": 87, ""2"": 25, ""3"": 3, ""4"": 1}","{""0"": 324, ""1"": 39, ""2"": 2}"
157,53,Day,"{""0"": 258, ""1"": 82, ""2"": 20, ""3"": 3, ""4"": 2}","{""0"": 292, ""1"": 58, ""2"": 10, ""3"": 2, ""4"": 2, ""5"": 1}"
158,53,Evening,"{""0"": 195, ""1"": 112, ""2"": 50, ""3"": 6, ""4"": 2}","{""0"": 187, ""1"": 108, ""2"": 53, ""3"": 14, ""4"": 3}"
159,54,Morning,"{""0"": 189, ""1"": 121, ""2"": 41, ""3"": 12, ""4"": 2}","{""0"": 282, ""1"": 80, ""2"": 3}"
160,54,Day,"{""0"": 278, ""1"": 70, ""2"": 17}","{""0"": 276, ""1"": 73, ""2"": 15, ""3"": 1}"
161,54,Evening,"{""0"": 197, ""1"": 119, ""2"": 41, ""3"": 6, ""4"": 1, ""5"": 1}","{""0"": 146, ""1"": 92, ""2"": 87, ""3"": 27, ""4"": 11, ""5"": 1, ""6"": 1}"
162,55,Morning,"{""0"": 273, ""1"": 78, ""2"": 12, ""3"": 2}","{""0"": 347, ""1"": 18}"
163,55,Day,"{""0"": 279, ""1"": 68, ""2"": 15, ""3"": 2, ""4"": 1}","{""0"": 250, ""1"": 103, ""2"": 10, ""3"": 2}"
164,55,Evening,"{""0"": 244, ""1"": 89, ""2"": 26, ""3"": 4, ""4"": 2}","{""0"": 197, ""1"": 114, ""2"": 38, ""3"": 13, ""4"": 3}"
165,56,Morning,"{""0"": 341, ""1"": 23, ""2"": 1}","{""0"": 330, ""1"": 31, ""2"": 4}"
166,56,Day,"{""0"": 279, ""1"": 78, ""2"": 8}","{""0"": 270, ""1"": 86, ""2"": 7, ""3"": 2}"
167,56,Evening,"{""0"": 245, ""1"": 90, ""2"": 26, ""3"": 4}","{""0"": 266, ""1"": 76, ""2"": 20, ""3"": 2, ""4"": 1}"
168,57,Morning,"{""0"": 356, ""1"": 9}","{""0"": 349, ""1"": 16}"
169,57,Day,"{""0"": 338, ""1"": 24, ""2"": 3}","{""0"": 336, ""1"": 27, ""2"": 2}"
170,57,Evening,"{""0"": 334, ""1"": 27, ""2"": 3, ""3"": 1}","{""0"": 340, ""1"": 22, ""2"": 3}"
171,58,Morning,"{""0"": 321, ""1"": 43, ""2"": 1}","{""0"": 306, ""1"": 52, ""2"": 6, ""3"": 1}"
172,58,Day,"{""0"": 289, ""1"": 67, ""2"": 7, ""3"": 2}","{""0"": 300, ""1"": 51, ""2"": 14}"
173,58,Evening,"{""0"": 254, ""1"": 94, ""2"": 15, ""3"": 2}","{""0"": 260, ""1"": 81, ""2"": 17, ""3"": 6, ""4"": 1}"
174,59,Morning,"{""0"": 332, ""1"": 29, ""2"": 3, ""3"": 1}","{""0"": 349, ""1"": 15, ""4"": 1}"
175,59,Day,"{""0"": 314, ""1"": 44, ""2"": 5, ""3"": 2}","{""0"": 313, ""1"": 46, ""2"": 4, ""3"": 2}"
176,59,Evening,"{""0"": 270, ""1"": 74, ""2"": 17, ""3"": 3, ""4"": 1}","{""0"": 264, ""1"": 68, ""2"": 26, ""3"": 6, ""4"": 1}"
177,60,Morning,"{""0"": 357, ""1"": 7, ""2"": 1}","{""0"": 357, ""1"": 8}"
178,60,Day,"{""0"": 342, ""1"": 21, ""2"": 1, ""3"": 1}","{""0"": 346, ""1"": 15, ""2"": 3, ""3"": 1}"
179,60,Evening,"{""0"": 339, ""1"": 21, ""2"": 4, ""3"": 1}","{""0"": 334, ""1"": 24, ""2"": 5, ""3"": 2}"
180,61,Morning,"{""0"": 345, ""1"": 18, ""2"": 2}","{""0"": 355, ""1"": 10}"
181,61,Day,"{""0"": 341, ""1"": 22, ""2"": 2}","{""0"": 339, ""1"": 25, ""2"": 1}"
182,61,Evening,"{""0"": 336, ""1"": 25, ""2"": 4}","{""0"": 322, ""1"": 39, ""2"": 4}"
183,62,Morning,"{""0"": 230, ""1"": 82, ""2"": 32, ""3"": 12, ""4"": 9}","{""0"": 318, ""1"": 41, ""2"": 5, ""3"": 1}"
184,62,Day,"{""0"": 271, ""1"": 75, ""2"": 17, ""3"": 2}","{""0"": 284, ""1"": 64, ""2"": 16, ""3"": 1}"
185,62,Evening,"{""0"": 221, ""1"": 89, ""2"": 36, ""3"": 15, ""4"": 1, ""5"": 1, ""6"": 1, ""7"": 1}","{""0"": 169, ""1"": 103, ""2"": 56, ""3"": 26, ""4"": 5, ""5"": 1, ""6"": 3, ""7"": 2}"
186,63,Morning,"{""0"": 311, ""1"": 51, ""2"": 3}","{""0"": 353, ""1"": 11, ""3"": 1}"
187,63,Day,"{""0"": 304, ""1"": 49, ""2"": 10, ""3"": 1, ""4"": 1}","{""0"": 308, ""1"": 47, ""2"": 9, ""3"": 1}"
188,63,Evening,"{""0"": 268, ""1"": 81, ""2"": 13, ""3"": 2, ""4"": 1}","{""0"": 255, ""1"": 89, ""2"": 16, ""3"": 5}"
189,64,Morning,"{""0"": 286, ""1"": 70, ""2"": 6, ""3"": 1, ""4"": 2}","{""0"": 236, ""1"": 88, ""2"": 29, ""3"": 9, ""4"": 3}"
190,64,Day,"{""0"": 280, ""1"": 65, ""2"": 18, ""3"": 2}","{""0"": 302, ""1"": 53, ""2"": 9, ""3"": 1}"
191,64,Evening,"{""0"": 211, ""1"": 103, ""2"": 34, ""3"": 14, ""4"": 3}","{""0"": 223, ""1"": 108, ""2"": 29, ""3"": 5}"
192,65,Morning,"{""0"": 314, ""1"": 48, ""2"": 3}","{""0"": 326, ""1"": 32, ""2"": 7}"
193,65,Day,"{""0"": 310, ""1"": 53, ""2"": 2}","{""0"": 321, ""1"": 42, ""2"": 2}"
194,65,Evening,"{""0"": 278, ""1"": 71, ""2"": 13, ""3"": 2, ""5"": 1}","{""0"": 264, ""1"": 78, ""2"": 21, ""3"": 1, ""4"": 1}"
195,66,Morning,"{""0"": 355, ""1"": 10}","{""0"": 357, ""1"": 8}"
196,66,Day,"{""0"": 340, ""1"": 22, ""2"": 2, ""4"": 1}","{""0"": 351, ""1"": 11, ""2"": 2, ""3"": 1}"
197,66,Evening,"{""0"": 331, ""1"": 31, ""2"": 3}","{""0"": 310, ""1"": 53, ""2"": 2}"
198,67,Morning,"{""0"": 275, ""1"": 83, ""2"": 7}","{""0"": 329, ""1"": 35, ""2"": 1}"
199,67,Day,"{""0"": 259, ""1"": 87, ""2"": 13, ""3"": 5, ""6"": 1}","{""0"": 250, ""1"": 98, ""2"": 14, ""3"": 3}"
200,67,Evening,"{""0"": 237, ""1"": 83, ""2"": 35, ""3"": 8, ""4"": 2}","{""0"": 211, ""1"": 105, ""2"": 31, ""3"": 14, ""4"": 4}"
201,68,Morning,"{""0"": 194, ""1"": 106, ""2"": 40, ""3"": 15, ""4"": 7, ""5"": 2, ""6"": 1}","{""0"": 262, ""1"": 74, ""2"": 23, ""3"": 6}"
202,68,Day,"{""0"": 187, ""1"": 114, ""2"": 46, ""3"": 13, ""4"": 5}","{""0"": 198, ""1"": 112, ""2"": 32, ""3"": 17, ""4"": 3, ""5"": 3}"
203,68,Evening,"{""0"": 113, ""1"": 115, ""2"": 71, ""3"": 46, ""4"": 14, ""5"": 4, ""6"": 2}","{""0"": 105, ""1"": 96, ""2"": 81, ""3"": 42, ""4"": 27, ""5"": 11, ""6"": 2, ""7"": 1}"
204,69,Morning,"{""0"": 215, ""1"": 95, ""2"": 42, ""3"": 8, ""4"": 4, ""6"": 1}","{""0"": 274, ""1"": 73, ""2"": 15, ""3"": 1, ""4"": 2}"
205,69,Day,"{""0"": 223, ""1"": 94, ""2"": 28, ""3"": 14, ""4"": 5, ""5"": 1}","{""0"": 254, ""1"": 80, ""2"": 21, ""3"": 9, ""6"": 1}"
206,69,Evening,"{""0"": 143, ""1"": 120, ""2"": 64, ""3"": 25, ""4"": 8, ""5"": 4, ""6"": 1}","{""0"": 114, ""1"": 131, ""2"": 54, ""3"": 45, ""4"": 11, ""5"": 8, ""6"": 1, ""9"": 1}"
207,70,Morning,"{""0"": 200, ""1"": 97, ""2"": 51, ""3"": 12, ""4"": 3, ""5"": 1, ""6"": 1}","{""0"": 259, ""1"": 69, ""2"": 28, ""3"": 9}"
208,70,Day,"{""0"": 175, ""1"": 113, ""2"": 48, ""3"": 18, ""4"": 10, ""5"": 1}","{""0"": 204, ""1"": 110, ""2"": 36, ""3"": 14, ""4"": 1}"
209,70,Evening,"{""0"": 119, ""1"": 98, ""2"": 78, ""3"": 42, ""4"": 16, ""5"": 8, ""6"": 4}","{""0"": 94, ""1"": 90, ""2"": 91, ""3"": 48, ""4"": 24, ""5"": 10, ""6"": 7, ""7"": 1}"
210,71,Morning,"{""0"": 295, ""1"": 58, ""2"": 11, ""4"": 1}","{""0"": 317, ""1"": 44, ""2"": 4}"
211,71,Day,"{""0"": 312, ""1"": 51, ""2"": 2}","{""0"": 315, ""1"": 47, ""2"": 3}"
212,71,Evening,"{""0"": 268, ""1"": 71, ""2"": 23, ""3"": 3}","{""0"": 244, ""1"": 95, ""2"": 24, ""3"": 1, ""4"": 1}"
213,72,Morning,"{""0"": 317, ""1"": 44, ""2"": 4}","{""0"": 352, ""1"": 12, ""2"": 1}"
214,72,Day,"{""0"": 321, ""1"": 39, ""2"": 4, ""3"": 1}","{""0"": 328, ""1"": 33, ""2"": 3, ""3"": 1}"
215,72,Evening,"{""0"": 297, ""1"": 58, ""2"": 7, ""3"": 2, ""5"": 1}","{""0"": 258, ""1"": 94, ""2"": 9, ""3"": 3, ""4"": 1}"
216,73,Morning,"{""0"": 294, ""1"": 61, ""2"": 9, ""5"": 1}","{""0"": 277, ""1"": 70, ""2"": 16, ""3"": 1, ""4"": 1}"
217,73,Day,"{""0"": 235, ""1"": 102, ""2"": 25, ""3"": 2, ""4"": 1}","{""0"": 223, ""1"": 108, ""2"": 31, ""3"": 2, ""5"": 1}"
218,73,Evening,"{""0"": 142, ""1"": 134, ""2"": 64, ""3"": 19, ""4"": 6}","{""0"": 137, ""1"": 144, ""2"": 69, ""3"": 13, ""4"": 2}"
219,74,Morning,"{""0"": 323, ""1"": 36, ""2"": 6}","{""0"": 260, ""1"": 69, ""2"": 28, ""3"": 7, ""4"": 1}"
220,74,Day,"{""0"": 230, ""1"": 104, ""2"": 23, ""3"": 7, ""4"": 1}","{""0"": 243, ""1"": 106, ""2"": 13, ""3"": 3}"
221,74,Evening,"{""0"": 233, ""1"": 85, ""2"": 34, ""3"": 11, ""4"": 2}","{""0"": 258, ""1"": 77, ""2"": 21, ""3"": 7, ""4"": 2}"
222,75,Morning,"{""0"": 268, ""1"": 78, ""2"": 16, ""3"": 1, ""4"": 2}","{""0"": 332, ""1"": 29, ""2"": 3, ""3"": 1}"
223,75,Day,"{""0"": 307, ""1"": 52, ""2"": 6}","{""0"": 276, ""1"": 75, ""2"": 12, ""3"": 2}"
224,75,Evening,"{""0"": 250, ""1"": 88, ""2"": 24, ""3"": 2, ""4"": 1}","{""0"": 210, ""1"": 104, ""2"": 38, ""3"": 8, ""4"": 4, ""5"": 1}"
225,76,Morning,"{""0"": 326, ""1"": 32, ""2"": 7}","{""0"": 341, ""1"": 22, ""2"": 2}"
226,76,Day,"{""0"": 319, ""1"": 44, ""2"": 1, ""3"": 1}","{""0"": 318, ""1"": 40, ""2"": 7}"
227,76,Evening,"{""0"": 316, ""1"": 40, ""2"": 7, ""3"": 2}","{""0"": 295, ""1"": 59, ""2"": 7, ""3"": 3, ""4"": 1}"
228,77,Morning,"{""0"": 329, ""1"": 35, ""2"": 1}","{""0"": 361, ""1"": 4}"
229,77,Day,"{""0"": 330, ""1"": 32, ""2"": 3}","{""0"": 342, ""1"": 20, ""2"": 3}"
230,77,Evening,"{""0"": 320, ""1"": 41, ""2"": 3, ""3"": 1}","{""0"": 310, ""1"": 49, ""2"": 5, ""4"": 1}"
231,78,Morning,"{""0"": 350, ""1"": 15}","{""0"": 327, ""1"": 36, ""2"": 2}"
232,78,Day,"{""0"": 331, ""1"": 33, ""2"": 1}","{""0"": 334, ""1"": 27, ""2"": 4}"
233,78,Evening,"{""0"": 299, ""1"": 57, ""2"": 8, ""3"": 1}","{""0"": 306, ""1"": 56, ""2"": 2, ""3"": 1}"
234,79,Morning,"{""0"": 341, ""1"": 20, ""2"": 3, ""3"": 1}","{""0"": 267, ""1"": 77, ""2"": 14, ""3"": 4, ""4"": 3}"
235,79,Day,"{""0"": 210, ""1"": 80, ""2"": 43, ""3"": 23, ""4"": 8, ""9"": 1}","{""0"": 199, ""1"": 81, ""2"": 52, ""3"": 14, ""4"": 14, ""5"": 2, ""6"": 2, ""8"": 1}"
236,79,Evening,"{""0"": 140, ""1"": 85, ""2"": 48, ""3"": 44, ""4"": 22, ""5"": 11, ""6"": 9, ""7"": 4, ""8"": 2}","{""0"": 143, ""1"": 88, ""2"": 59, ""3"": 35, ""4"": 26, ""5"": 8, ""6"": 4, ""7"": 1, ""8"": 1}"
237,80,Morning,"{""0"": 343, ""1"": 20, ""2"": 2}","{""0"": 359, ""1"": 6}"
238,80,Day,"{""0"": 340, ""1"": 23, ""2"": 2}","{""0"": 346, ""1"": 18, ""2"": 1}"
239,80,Evening,"{""0"": 334, ""1"": 25, ""2"": 5, ""3"": 1}","{""0"": 340, ""1"": 21, ""2"": 2, ""3"": 1, ""4"": 1}"
240,81,Morning,"{""0"": 324, ""1"": 36, ""2"": 4, ""3"": 1}","{""0"": 325, ""1"": 37, ""2"": 3}"
241,81,Day,"{""0"": 289, ""1"": 69, ""2"": 7}","{""0"": 299, ""1"": 59, ""2"": 5, ""4"": 1, ""5"": 1}"
242,81,Evening,"{""0"": 253, ""1"": 81, ""2"": 23, ""3"": 8}","{""0"": 257, ""1"": 75, ""2"": 22, ""3"": 10, ""4"": 1}"
243,82,Morning,"{""0"": 334, ""1"": 29, ""2"": 2}","{""0"": 342, ""1"": 23}"
244,82,Day,"{""0"": 289, ""1"": 64, ""2"": 9, ""3"": 3}","{""0"": 292, ""1"": 65, ""2"": 6, ""3"": 2}"
245,82,Evening,"{""0"": 224, ""1"": 107, ""2"": 28, ""3"": 5, ""4"": 1}","{""0"": 232, ""1"": 97, ""2"": 27, ""3"": 8, ""4"": 1}"
246,83,Morning,"{""0"": 329, ""1"": 33, ""2"": 3}","{""0"": 317, ""1"": 44, ""2"": 3, ""4"": 1}"
247,83,Day,"{""0"": 289, ""1"": 54, ""2"": 16, ""3"": 5, ""4"": 1}","{""0"": 295, ""1"": 54, ""2"": 15, ""3"": 1}"
248,83,Evening,"{""0"": 211, ""1"": 102, ""2"": 38, ""3"": 6, ""4"": 6, ""5"": 2}","{""0"": 199, ""1"": 108, ""2"": 39, ""3"": 13, ""4"": 5, ""5"": 1}"
249,84,Morning,"{""0"": 304, ""1"": 48, ""2"": 12, ""3"": 1}","{""0"": 347, ""1"": 15, ""2"": 3}"
250,84,Day,"{""0"": 284, ""1"": 69, ""2"": 9, ""3"": 3}","{""0"": 274, ""1"": 74, ""2"": 16, ""3"": 1}"
251,84,Evening,"{""0"": 251, ""1"": 83, ""2"": 24, ""3"": 5, ""4"": 1, ""5"": 1}","{""0"": 242, ""1"": 84, ""2"": 27, ""3"": 11, ""4"": 1}"
252,85,Morning,"{""0"": 231, ""1"": 88, ""2"": 35, ""3"": 9, ""4"": 2}","{""0"": 259, ""1"": 86, ""2"": 18, ""3"": 2}"
253,85,Day,"{""0"": 235, ""1"": 88, ""2"": 33, ""3"": 7, ""4"": 2}","{""0"": 254, ""1"": 86, ""2"": 18, ""3"": 5, ""4"": 2}"
254,85,Evening,"{""0"": 190, ""1"": 101, ""2"": 39, ""3"": 24, ""4"": 10, ""6"": 1}","{""0"": 158, ""1"": 110, ""2"": 59, ""3"": 21, ""4"": 11, ""5"": 4, ""6"": 2}"
255,86,Morning,"{""0"": 310, ""1"": 51, ""2"": 4}","{""0"": 336, ""1"": 26, ""2"": 3}"
256,86,Day,"{""0"": 302, ""1"": 53, ""2"": 8, ""3"": 2}","{""0"": 307, ""1"": 47, ""2"": 7, ""3"": 4}"
257,86,Evening,"{""0"": 268, ""1"": 79, ""2"": 14, ""3"": 2, ""4"": 2}","{""0"": 247, ""1"": 85, ""2"": 27, ""3"": 4, ""4"": 2}"
258,87,Morning,"{""0"": 213, ""1"": 115, ""2"": 29, ""3"": 8}","{""0"": 329, ""1"": 33, ""2"": 3}"
259,87,Day,"{""0"": 237, ""1"": 92, ""2"": 20, ""3"": 8, ""4"": 8}","{""0"": 257, ""1"": 82, ""2"": 19, ""3"": 6, ""4"": 1}"
260,87,Evening,"{""0"": 162, ""1"": 120, ""2"": 57, ""3"": 18, ""4"": 5, ""5"": 2, ""6"": 1}","{""0"": 130, ""1"": 117, ""2"": 79, ""3"": 25, ""4"": 9, ""5"": 5}"
261,88,Morning,"{""0"": 165, ""1"": 110, ""2"": 50, ""3"": 29, ""4"": 9, ""6"": 2}","{""0"": 237, ""1"": 89, ""2"": 25, ""3"": 12, ""4"": 2}"
262,88,Day,"{""0"": 150, ""1"": 101, ""2"": 53, ""3"": 37, ""4"": 13, ""5"": 6, ""6"": 3, ""7"": 1, ""9"": 1}","{""0"": 152, ""1"": 111, ""2"": 54, ""3"": 22, ""4"": 17, ""5"": 7, ""6"": 2}"
263,88,Evening,"{""0"": 72, ""1"": 90, ""2"": 73, ""3"": 54, ""4"": 47, ""5"": 12, ""6"": 7, ""7"": 3, ""8"": 6, ""9"": 1}","{""0"": 69, ""1"": 65, ""2"": 66, ""3"": 54, ""4"": 41, ""5"": 28, ""6"": 22, ""7"": 8, ""8"": 6, ""9"": 4, ""10"": 1, ""11"": 1}"
264,89,Morning,"{""0"": 254, ""1"": 85, ""2"": 23, ""3"": 3}","{""0"": 284, ""1"": 65, ""2"": 16}"
265,89,Day,"{""0"": 218, ""1"": 92, ""2"": 31, ""3"": 19, ""4"": 3, ""5"": 2}","{""0"": 222, ""1"": 98, ""2"": 31, ""3"": 8, ""4"": 5, ""5"": 1}"
266,89,Evening,"{""0"": 159, ""1"": 116, ""2"": 56, ""3"": 21, ""4"": 6, ""5"": 4, ""6"": 3}","{""0"": 158, ""1"": 102, ""2"": 70, ""3"": 23, ""4"": 8, ""5"": 4}"
267,90,Morning,"{""0"": 315, ""1"": 49, ""2"": 1}","{""0"": 326, ""1"": 37, ""2"": 2}"
268,90,Day,"{""0"": 305, ""1"": 50, ""2"": 8, ""3"": 2}","{""0"": 314, ""1"": 45, ""2"": 4, ""3"": 2}"
269,90,Evening,"{""0"": 285, ""1"": 63, ""2"": 14, ""3"": 3}","{""0"": 279, ""1"": 70, ""2"": 11, ""3"": 2, ""4"": 3}"
270,91,Morning,"{""0"": 277, ""1"": 73, ""2"": 13, ""3"": 2}","{""0"": 266, ""1"": 82, ""2"": 15, ""3"": 1, ""4"": 1}"
271,91,Day,"{""0"": 243, ""1"": 95, ""2"": 24, ""3"": 3}","{""0"": 254, ""1"": 85, ""2"": 22, ""3"": 3, ""4"": 1}"
272,91,Evening,"{""0"": 208, ""1"": 106, ""2"": 34, ""3"": 16, ""5"": 1}","{""0"": 212, ""1"": 105, ""2"": 32, ""3"": 14, ""4"": 1, ""5"": 1}"
273,92,Morning,"{""0"": 245, ""1"": 90, ""2"": 26, ""3"": 4}","{""0"": 291, ""1"": 58, ""2"": 14, ""3"": 2}"
274,92,Day,"{""0"": 227, ""1"": 104, ""2"": 31, ""3"": 3}","{""0"": 233, ""1"": 90, ""2"": 35, ""3"": 6, ""4"": 1}"
275,92,Evening,"{""0"": 162, ""1"": 113, ""2"": 60, ""3"": 22, ""4"": 6, ""5"": 1, ""9"": 1}","{""0"": 159, ""1"": 123, ""2"": 65, ""3"": 14, ""4"": 1, ""5"": 1, ""6"": 1, ""10"": 1}"
276,93,Morning,"{""0"": 295, ""1"": 57, ""2"": 12, ""3"": 1}","{""0"": 191, ""1"": 100, ""2"": 56, ""3"": 9, ""4"": 7, ""7"": 2}"
277,93,Day,"{""0"": 207, ""1"": 103, ""2"": 39, ""3"": 13, ""4"": 2, ""6"": 1}","{""0"": 209, ""1"": 103, ""2"": 40, ""3"": 10, ""4"": 3}"
278,93,Evening,"{""0"": 161, ""1"": 110, ""2"": 58, ""3"": 24, ""4"": 10, ""5"": 1, ""7"": 1}","{""0"": 219, ""1"": 97, ""2"": 38, ""3"": 11}"
279,94,Morning,"{""0"": 353, ""1"": 12}","{""0"": 328, ""1"": 36, ""3"": 1}"
280,94,Day,"{""0"": 328, ""1"": 32, ""2"": 4, ""3"": 1}","{""0"": 308, ""1"": 52, ""2"": 4, ""3"": 1}"
281,94,Evening,"{""0"": 277, ""1"": 69, ""2"": 17, ""3"": 2}","{""0"": 308, ""1"": 50, ""2"": 6, ""3"": 1}"
282,95,Morning,"{""0"": 344, ""1"": 19, ""2"": 2}","{""0"": 337, ""1"": 25, ""2"": 3}"
283,95,Day,"{""0"": 338, ""1"": 25, ""2"": 2}","{""0"": 345, ""1"": 18, ""2"": 2}"
284,95,Evening,"{""0"": 326, ""1"": 33, ""2"": 6}","{""0"": 322, ""1"": 39, ""2"": 3, ""3"": 1}"
285,96,Morning,"{""0"": 242, ""1"": 101, ""2"": 22}","{""0"": 339, ""1"": 26}"
286,96,Day,"{""0"": 313, ""1"": 45, ""2"": 6, ""3"": 1}","{""0"": 289, ""1"": 58, ""2"": 17, ""3"": 1}"
287,96,Evening,"{""0"": 207, ""1"": 111, ""2"": 32, ""3"": 10, ""4"": 4, ""5"": 1}","{""0"": 173, ""1"": 116, ""2"": 55, ""3"": 18, ""4"": 3}"
288,97,Morning,"{""0"": 277, ""1"": 74, ""2"": 12, ""3"": 2}","{""0"": 292, ""1"": 60, ""2"": 9, ""3"": 4}"
289,97,Day,"{""0"": 249, ""1"": 87, ""2"": 21, ""3"": 7, ""4"": 1}","{""0"": 231, ""1"": 89, ""2"": 36, ""3"": 6, ""4"": 2, ""5"": 1}"
290,97,Evening,"{""0"": 190, ""1"": 99, ""2"": 49, ""3"": 20, ""4"": 6, ""5"": 1}","{""0"": 187, ""1"": 101, ""2"": 53, ""3"": 22, ""4"": 2}"
291,98,Morning,"{""0"": 339, ""1"": 25, ""2"": 1}","{""0"": 354, ""1"": 10, ""2"": 1}"
292,98,Day,"{""0"": 327, ""1"": 31, ""2"": 7}","{""0"": 330, ""1"": 32, ""2"": 2, ""4"": 1}"
293,98,Evening,"{""0"": 324, ""1"": 36, ""2"": 5}","{""0"": 299, ""1"": 56, ""2"": 8, ""3"": 2}"
294,99,Morning,"{""0"": 343, ""1"": 21, ""2"": 1}","{""0"": 316, ""1"": 43, ""2"": 5, ""3"": 1}"
295,99,Day,"{""0"": 344, ""1"": 17, ""2"": 4}","{""0"": 334, ""1"": 26, ""2"": 5}"
296,99,Evening,"{""0"": 320, ""1"": 40, ""2"": 5}","{""0"": 339, ""1"": 25, ""2"": 1}"
297,100,Morning,"{""0"": 348, ""1"": 17}","{""0"": 301, ""1"": 62, ""2"": 2}"
298,100,Day,"{""0"": 323, ""1"": 39, ""2"": 2, ""3"": 1}","{""0"": 345, ""1"": 19, ""2"": 1}"
299,100,Evening,"{""0"": 316, ""1"": 42, ""2"": 7}","{""0"": 307, ""1"": 51, ""2"": 6, ""3"": 1}"
300,101,Morning,"{""0"": 364, ""1"": 1}","{""0"": 349, ""1"": 16}"
301,101,Day,"{""0"": 349, ""1"": 14, ""2"": 2}","{""0"": 349, ""1"": 14, ""2"": 2}"
302,101,Evening,"{""0"": 326, ""1"": 37, ""2"": 2}","{""0"": 335, ""1"": 25, ""2"": 5}"
303,102,Morning,"{""0"": 247, ""1"": 87, ""2"": 26, ""3"": 2, ""4"": 2, ""5"": 1}","{""0"": 311, ""1"": 48, ""2"": 6}"
304,102,Day,"{""0"": 246, ""1"": 81, ""2"": 30, ""3"": 7, ""4"": 1}","{""0"": 233, ""1"": 96, ""2"": 30, ""3"": 4, ""4"": 2}"
305,102,Evening,"{""0"": 160, ""1"": 101, ""2"": 61, ""3"": 26, ""4"": 13, ""5"": 3, ""6"": 1}","{""0"": 146, ""1"": 91, ""2"": 56, ""3"": 41, ""4"": 18, ""5"": 8, ""6"": 4, ""7"": 1}"
306,103,Morning,"{""0"": 220, ""1"": 84, ""2"": 34, ""3"": 15, ""4"": 8, ""5"": 4}","{""0"": 298, ""1"": 52, ""2"": 10, ""3"": 3, ""4"": 1, ""5"": 1}"
307,103,Day,"{""0"": 215, ""1"": 108, ""2"": 23, ""3"": 13, ""4"": 5, ""6"": 1}","{""0"": 240, ""1"": 78, ""2"": 31, ""3"": 13, ""4"": 2, ""6"": 1}"
308,103,Evening,"{""0"": 165, ""1"": 86, ""2"": 70, ""3"": 28, ""4"": 10, ""5"": 4, ""6"": 1, ""9"": 1}","{""0"": 143, ""1"": 80, ""2"": 60, ""3"": 37, ""4"": 28, ""5"": 7, ""6"": 7, ""7"": 2, ""9"": 1}"
309,104,Morning,"{""0"": 172, ""1"": 95, ""2"": 49, ""3"": 38, ""4"": 9, ""5"": 1, ""6"": 1}","{""0"": 280, ""1"": 72, ""2"": 10, ""3"": 2, ""4"": 1}"
310,104,Day,"{""0"": 165, ""1"": 103, ""2"": 56, ""3"": 25, ""4"": 8, ""5"": 7, ""6"": 1}","{""0"": 183, ""1"": 92, ""2"": 54, ""3"": 26, ""4"": 9, ""5"": 1}"
311,104,Evening,"{""0"": 107, ""1"": 79, ""2"": 60, ""3"": 52, ""4"": 33, ""5"": 20, ""6"": 6, ""7"": 7, ""8"": 1}","{""0"": 90, ""1"": 61, ""2"": 60, ""3"": 55, ""4"": 39, ""5"": 29, ""6"": 15, ""7"": 10, ""8"": 3, ""9"": 2, ""10"": 1}"
312,105,Morning,"{""0"": 216, ""1"": 103, ""2"": 34, ""3"": 10, ""4"": 1, ""5"": 1}","{""0"": 307, ""1"": 48, ""2"": 10}"
313,105,Day,"{""0"": 230, ""1"": 95, ""2"": 25, ""3"": 11, ""4"": 4}","{""0"": 239, ""1"": 89, ""2"": 28, ""3"": 5, ""4"": 3, ""5"": 1}"
314,105,Evening,"{""0"": 147, ""1"": 103, ""2"": 78, ""3"": 18, ""4"": 14, ""5"": 4, ""6"": 1}","{""0"": 112, ""1"": 111, ""2"": 72, ""3"": 43, ""4"": 21, ""5"": 4, ""6"": 2}"
315,106,Morning,"{""0"": 160, ""1"": 106, ""2"": 67, ""3"": 20, ""4"": 10, ""5"": 2}","{""0"": 239, ""1"": 94, ""2"": 26, ""3"": 4, ""4"": 2}"
316,106,Day,"{""0"": 168, ""1"": 111, ""2"": 57, ""3"": 18, ""4"": 5, ""5"": 5, ""6"": 1}","{""0"": 173, ""1"": 113, ""2"": 45, ""3"": 23, ""4"": 9, ""5"": 1, ""6"": 1}"
317,106,Evening,"{""0"": 82, ""1"": 89, ""2"": 69, ""3"": 54, ""4"": 37, ""5"": 19, ""6"": 12, ""7"": 3}","{""0"": 63, ""1"": 65, ""2"": 62, ""3"": 76, ""4"": 36, ""5"": 32, ""6"": 10, ""7"": 13, ""8"": 4, ""9"": 4}"
318,107,Morning,"{""0"": 163, ""1"": 104, ""2"": 50, ""3"": 32, ""4"": 11, ""5"": 5}","{""0"": 221, ""1"": 100, ""2"": 31, ""3"": 11, ""4"": 2}"
319,107,Day,"{""0"": 128, ""1"": 96, ""2"": 73, ""3"": 47, ""4"": 12, ""5"": 3, ""6"": 2, ""7"": 2, ""8"": 1, ""9"": 1}","{""0"": 172, ""1"": 98, ""2"": 57, ""3"": 26, ""4"": 9, ""5"": 1, ""6"": 2}"
320,107,Evening,"{""0"": 76, ""1"": 101, ""2"": 83, ""3"": 50, ""4"": 30, ""5"": 19, ""6"": 2, ""7"": 3, ""9"": 1}","{""0"": 79, ""1"": 81, ""2"": 97, ""3"": 56, ""4"": 24, ""5"": 17, ""6"": 6, ""7"": 3, ""9"": 1, ""10"": 1}"
321,108,Morning,"{""0"": 281, ""1"": 61, ""2"": 20, ""3"": 2, ""4"": 1}","{""0"": 337, ""1"": 27, ""3"": 1}"
322,108,Day,"{""0"": 279, ""1"": 74, ""2"": 9, ""3"": 2, ""6"": 1}","{""0"": 274, ""1"": 73, ""2"": 15, ""3"": 2, ""5"": 1}"
323,108,Evening,"{""0"": 246, ""1"": 84, ""2"": 27, ""3"": 4, ""4"": 4}","{""0"": 217, ""1"": 108, ""2"": 24, ""3"": 10, ""4"": 6}"
324,109,Morning,"{""0"": 200, ""1"": 94, ""2"": 39, ""3"": 22, ""4"": 6, ""5"": 1, ""6"": 3}","{""0"": 310, ""1"": 46, ""2"": 8, ""6"": 1}"
325,109,Day,"{""0"": 192, ""1"": 113, ""2"": 40, ""3"": 12, ""4"": 4, ""5"": 2, ""6"": 2}","{""0"": 197, ""1"": 99, ""2"": 51, ""3"": 11, ""4"": 5, ""6"": 2}"
326,109,Evening,"{""0"": 117, ""1"": 93, ""2"": 76, ""3"": 50, ""4"": 20, ""5"": 6, ""8"": 2, ""10"": 1}","{""0"": 75, ""1"": 86, ""2"": 81, ""3"": 53, ""4"": 36, ""5"": 23, ""6"": 8, ""7"": 2, ""14"": 1}"
327,110,Morning,"{""0"": 186, ""1"": 110, ""2"": 44, ""3"": 17, ""4"": 4, ""5"": 3, ""6"": 1}","{""0"": 249, ""1"": 95, ""2"": 20, ""3"": 1}"
328,110,Day,"{""0"": 181, ""1"": 114, ""2"": 52, ""3"": 14, ""4"": 3, ""5"": 1}","{""0"": 197, ""1"": 109, ""2"": 41, ""3"": 12, ""4"": 5, ""5"": 1}"
329,110,Evening,"{""0"": 118, ""1"": 98, ""2"": 85, ""3"": 28, ""4"": 22, ""5"": 11, ""6"": 2, ""7"": 1}","{""0"": 102, ""1"": 108, ""2"": 63, ""3"": 46, ""4"": 24, ""5"": 13, ""6"": 5, ""7"": 3, ""8"": 1}"
330,111,Morning,"{""0"": 231, ""1"": 108, ""2"": 19, ""3"": 3, ""4"": 3, ""7"": 1}","{""0"": 248, ""1"": 93, ""2"": 20, ""3"": 3, ""6"": 1}"
331,111,Day,"{""0"": 165, ""1"": 113, ""2"": 55, ""3"": 22, ""4"": 9, ""5"": 1}","{""0"": 174, ""1"": 113, ""2"": 51, ""3"": 20, ""4"": 6, ""5"": 1}"
332,111,Evening,"{""0"": 88, ""1"": 93, ""2"": 93, ""3"": 57, ""4"": 22, ""5"": 5, ""6"": 6, ""7"": 1}","{""0"": 87, ""1"": 103, ""2"": 75, ""3"": 57, ""4"": 26, ""5"": 11, ""6"": 3, ""7"": 3}"
333,112,Morning,"{""0"": 223, ""1"": 89, ""2"": 39, ""3"": 8, ""4"": 6}","{""0"": 129, ""1"": 84, ""2"": 62, ""3"": 44, ""4"": 33, ""5"": 6, ""6"": 5, ""7"": 1, ""10"": 1}"
334,112,Day,"{""0"": 103, ""1"": 104, ""2"": 72, ""3"": 45, ""4"": 27, ""5"": 9, ""6"": 2, ""8"": 3}","{""0"": 136, ""1"": 109, ""2"": 69, ""3"": 36, ""4"": 13, ""5"": 1, ""6"": 1}"
335,112,Evening,"{""0"": 47, ""1"": 59, ""2"": 64, ""3"": 70, ""4"": 40, ""5"": 39, ""6"": 23, ""7"": 14, ""8"": 3, ""9"": 4, ""10"": 1, ""11"": 1}","{""0"": 77, ""1"": 90, ""2"": 88, ""3"": 55, ""4"": 26, ""5"": 12, ""6"": 9, ""7"": 7, ""11"": 1}"
336,113,Morning,"{""0"": 356, ""1"": 7, ""2"": 2}","{""0"": 345, ""1"": 18, ""2"": 2}"
337,113,Day,"{""0"": 331, ""1"": 32, ""2"": 2}","{""0"": 339, ""1"": 24, ""2"": 2}"
338,113,Evening,"{""0"": 311, ""1"": 45, ""2"": 6, ""3"": 2, ""5"": 1}","{""0"": 316, ""1"": 44, ""2"": 4, ""4"": 1}"
339,114,Morning,"{""0"": 349, ""1"": 15, ""2"": 1}","{""0"": 354, ""1"": 11}"
340,114,Day,"{""0"": 342, ""1"": 22, ""2"": 1}","{""0"": 340, ""1"": 25}"
341,114,Evening,"{""0"": 336, ""1"": 29}","{""0"": 331, ""1"": 30, ""2"": 2, ""3"": 1, ""4"": 1}"
342,115,Morning,"{""0"": 247, ""1"": 82, ""2"": 27, ""3"": 6, ""4"": 3}","{""0"": 309, ""1"": 48, ""2"": 5, ""3"": 3}"
343,115,Day,"{""0"": 244, ""1"": 90, ""2"": 22, ""3"": 8, ""4"": 1}","{""0"": 241, ""1"": 96, ""2"": 25, ""3"": 3}"
344,115,Evening,"{""0"": 171, ""1"": 123, ""2"": 50, ""3"": 15, ""4"": 5, ""7"": 1}","{""0"": 146, ""1"": 111, ""2"": 69, ""3"": 19, ""4"": 15, ""5"": 5}"
345,116,Morning,"{""0"": 289, ""1"": 63, ""2"": 10, ""3"": 2, ""4"": 1}","{""0"": 231, ""1"": 81, ""2"": 40, ""3"": 11, ""4"": 1, ""5"": 1}"
346,116,Day,"{""0"": 262, ""1"": 79, ""2"": 20, ""3"": 4}","{""0"": 275, ""1"": 70, ""2"": 17, ""3"": 3}"
347,116,Evening,"{""0"": 204, ""1"": 95, ""2"": 49, ""3"": 12, ""4"": 4, ""5"": 1}","{""0"": 241, ""1"": 85, ""2"": 32, ""3"": 6, ""5"": 1}"
348,117,Morning,"{""0"": 304, ""1"": 54, ""2"": 5, ""3"": 1, ""5"": 1}","{""0"": 354, ""1"": 9, ""2"": 2}"
349,117,Day,"{""0"": 310, ""1"": 46, ""2"": 7, ""3"": 2}","{""0"": 302, ""1"": 53, ""2"": 8, ""3"": 2}"
350,117,Evening,"{""0"": 260, ""1"": 83, ""2"": 20, ""3"": 2}","{""0"": 231, ""1"": 91, ""2"": 38, ""3"": 4, ""4"": 1}"
351,118,Morning,"{""0"": 342, ""1"": 23}","{""0"": 313, ""1"": 47, ""2"": 5}"
352,118,Day,"{""0"": 326, ""1"": 38, ""2"": 1}","{""0"": 333, ""1"": 31, ""2"": 1}"
353,118,Evening,"{""0"": 294, ""1"": 63, ""2"": 7, ""3"": 1}","{""0"": 302, ""1"": 55, ""2"": 7, ""3"": 1}"
354,119,Morning,"{""0"": 359, ""1"": 5, ""2"": 1}","{""0"": 341, ""1"": 20, ""2"": 3, ""3"": 1}"
355,119,Day,"{""0"": 343, ""1"": 19, ""2"": 3}","{""0"": 341, ""1"": 21, ""2"": 3}"
356,119,Evening,"{""0"": 344, ""1"": 17, ""2"": 4}","{""0"": 357, ""1"": 6, ""2"": 2}"
357,120,Morning,"{""0"": 345, ""1"": 19, ""2"": 1}","{""0"": 234, ""1"": 122, ""2"": 8, ""3"": 1}"
358,120,Day,"{""0"": 258, ""1"": 81, ""2"": 24, ""3"": 2}","{""0"": 339, ""1"": 24, ""2"": 1, ""3"": 1}"
359,120,Evening,"{""0"": 282, ""1"": 73, ""2"": 8, ""3"": 2}","{""0"": 333, ""1"": 29, ""2"": 3}"
360,121,Morning,"{""0"": 362, ""1"": 2, ""3"": 1}","{""0"": 351, ""1"": 13, ""3"": 1}"
361,121,Day,"{""0"": 341, ""1"": 23, ""2"": 1}","{""0"": 335, ""1"": 28, ""2"": 2}"
362,121,Evening,"{""0"": 329, ""1"": 29, ""2"": 7}","{""0"": 325, ""1"": 32, ""2"": 7, ""3"": 1}"
363,122,Morning,"{""0"": 294, ""1"": 63, ""2"": 8}","{""0"": 291, ""1"": 63, ""2"": 10, ""3"": 1}"
364,122,Day,"{""0"": 257, ""1"": 78, ""2"": 18, ""3"": 8, ""4"": 4}","{""0"": 265, ""1"": 82, ""2"": 13, ""3"": 4, ""4"": 1}"
365,122,Evening,"{""0"": 210, ""1"": 94, ""2"": 38, ""3"": 18, ""4"": 5}","{""0"": 193, ""1"": 102, ""2"": 50, ""3"": 14, ""4"": 3, ""5"": 1, ""6"": 1, ""7"": 1}"
366,123,Morning,"{""0"": 319, ""1"": 44, ""2"": 2}","{""0"": 344, ""1"": 21}"
367,123,Day,"{""0"": 309, ""1"": 42, ""2"": 12, ""3"": 2}","{""0"": 306, ""1"": 46, ""2"": 11, ""3"": 2}"
368,123,Evening,"{""0"": 260, ""1"": 77, ""2"": 18, ""3"": 6, ""4"": 4}","{""0"": 254, ""1"": 78, ""2"": 23, ""3"": 6, ""4"": 4}"
369,124,Morning,"{""0"": 171, ""1"": 113, ""2"": 46, ""3"": 23, ""4"": 10, ""5"": 2}","{""0"": 271, ""1"": 70, ""2"": 20, ""3"": 4}"
370,124,Day,"{""0"": 177, ""1"": 106, ""2"": 52, ""3"": 20, ""4"": 6, ""5"": 2, ""6"": 1, ""7"": 1}","{""0"": 190, ""1"": 98, ""2"": 52, ""3"": 17, ""4"": 7, ""5"": 1}"
371,124,Evening,"{""0"": 104, ""1"": 114, ""2"": 77, ""3"": 54, ""4"": 11, ""5"": 4, ""7"": 1}","{""0"": 84, ""1"": 94, ""2"": 87, ""3"": 56, ""4"": 24, ""5"": 10, ""6"": 6, ""7"": 2, ""8"": 1, ""10"": 1}"
372,125,Morning,"{""0"": 139, ""1"": 102, ""2"": 55, ""3"": 36, ""4"": 19, ""5"": 10, ""6"": 3, ""7"": 1}","{""0"": 279, ""1"": 67, ""2"": 18, ""4"": 1}"
373,125,Day,"{""0"": 127, ""1"": 111, ""2"": 72, ""3"": 31, ""4"": 12, ""5"": 7, ""6"": 4, ""7"": 1}","{""0"": 113, ""1"": 146, ""2"": 65, ""3"": 30, ""4"": 6, ""5"": 3, ""6"": 1, ""7"": 1}"
374,125,Evening,"{""0"": 63, ""1"": 67, ""2"": 71, ""3"": 73, ""4"": 43, ""5"": 20, ""6"": 11, ""7"": 10, ""8"": 5, ""9"": 2}","{""0"": 43, ""1"": 45, ""2"": 66, ""3"": 56, ""4"": 47, ""5"": 43, ""6"": 32, ""7"": 12, ""8"": 12, ""9"": 4, ""10"": 3, ""11"": 2}"
375,126,Morning,"{""0"": 152, ""1"": 104, ""2"": 66, ""3"": 26, ""4"": 15, ""5"": 2}","{""0"": 258, ""1"": 85, ""2"": 20, ""3"": 1, ""4"": 1}"
376,126,Day,"{""0"": 143, ""1"": 118, ""2"": 56, ""3"": 30, ""4"": 9, ""5"": 8, ""6"": 1}","{""0"": 134, ""1"": 123, ""2"": 63, ""3"": 24, ""4"": 14, ""5"": 5, ""6"": 1, ""7"": 1}"
377,126,Evening,"{""0"": 57, ""1"": 77, ""2"": 82, ""3"": 69, ""4"": 32, ""5"": 24, ""6"": 18, ""7"": 6}","{""0"": 35, ""1"": 45, ""2"": 69, ""3"": 68, ""4"": 58, ""5"": 48, ""6"": 15, ""7"": 16, ""8"": 6, ""9"": 2, ""10"": 1, ""11"": 2}"
378,127,Morning,"{""0"": 133, ""1"": 92, ""2"": 70, ""3"": 46, ""4"": 15, ""5"": 6, ""6"": 2, ""8"": 1}","{""0"": 267, ""1"": 75, ""2"": 19, ""3"": 3, ""4"": 1}"
379,127,Day,"{""0"": 180, ""1"": 97, ""2"": 44, ""3"": 28, ""4"": 6, ""5"": 4, ""6"": 3, ""7"": 1, ""8"": 1, ""10"": 1}","{""0"": 156, ""1"": 134, ""2"": 39, ""3"": 25, ""4"": 6, ""5"": 2, ""6"": 2, ""9"": 1}"
380,127,Evening,"{""0"": 70, ""1"": 81, ""2"": 80, ""3"": 62, ""4"": 40, ""5"": 19, ""6"": 9, ""7"": 4}","{""0"": 54, ""1"": 49, ""2"": 60, ""3"": 63, ""4"": 57, ""5"": 32, ""6"": 23, ""7"": 15, ""8"": 7, ""9"": 3, ""10"": 1, ""11"": 1}"
381,128,Morning,"{""0"": 177, ""1"": 106, ""2"": 53, ""3"": 20, ""4"": 5, ""5"": 2, ""6"": 2}","{""0"": 276, ""1"": 75, ""2"": 13, ""3"": 1}"
382,128,Day,"{""0"": 150, ""1"": 112, ""2"": 53, ""3"": 32, ""4"": 11, ""5"": 6, ""7"": 1}","{""0"": 142, ""1"": 114, ""2"": 68, ""3"": 27, ""4"": 8, ""5"": 5, ""7"": 1}"
383,128,Evening,"{""0"": 70, ""1"": 91, ""2"": 73, ""3"": 60, ""4"": 38, ""5"": 17, ""6"": 12, ""7"": 3, ""8"": 1}","{""0"": 68, ""1"": 61, ""2"": 88, ""3"": 56, ""4"": 37, ""5"": 29, ""6"": 10, ""7"": 12, ""8"": 3, ""12"": 1}"
384,129,Morning,"{""0"": 186, ""1"": 112, ""2"": 44, ""3"": 18, ""4"": 3, ""5"": 2}","{""0"": 229, ""1"": 98, ""2"": 30, ""3"": 7, ""4"": 1}"
385,129,Day,"{""0"": 146, ""1"": 107, ""2"": 72, ""3"": 22, ""4"": 12, ""6"": 4, ""7"": 1, ""8"": 1}","{""0"": 161, ""1"": 111, ""2"": 55, ""3"": 25, ""4"": 7, ""5"": 6}"
386,129,Evening,"{""0"": 84, ""1"": 101, ""2"": 80, ""3"": 53, ""4"": 25, ""5"": 13, ""6"": 6, ""7"": 3}","{""0"": 81, ""1"": 95, ""2"": 79, ""3"": 59, ""4"": 26, ""5"": 18, ""6"": 4, ""7"": 2, ""8"": 1}"
387,130,Morning,"{""0"": 179, ""1"": 102, ""2"": 55, ""3"": 21, ""4"": 6, ""5"": 2}","{""0"": 229, ""1"": 92, ""2"": 35, ""3"": 6, ""4"": 3}"
388,130,Day,"{""0"": 151, ""1"": 99, ""2"": 65, ""3"": 28, ""4"": 15, ""5"": 6, ""7"": 1}","{""0"": 154, ""1"": 111, ""2"": 66, ""3"": 23, ""4"": 6, ""5"": 4, ""9"": 1}"
389,130,Evening,"{""0"": 78, ""1"": 82, ""2"": 82, ""3"": 63, ""4"": 30, ""5"": 21, ""6"": 2, ""7"": 3, ""8"": 2, ""10"": 2}","{""0"": 66, ""1"": 71, ""2"": 82, ""3"": 56, ""4"": 46, ""5"": 22, ""6"": 14, ""7"": 5, ""8"": 1, ""9"": 1, ""10"": 1}"
390,131,Morning,"{""0"": 222, ""1"": 109, ""2"": 28, ""3"": 5, ""5"": 1}","{""0"": 313, ""1"": 49, ""2"": 3}"
391,131,Day,"{""0"": 205, ""1"": 113, ""2"": 36, ""3"": 7, ""4"": 4}","{""0"": 240, ""1"": 92, ""2"": 25, ""3"": 7, ""4"": 1}"
392,131,Evening,"{""0"": 142, ""1"": 98, ""2"": 70, ""3"": 31, ""4"": 16, ""5"": 7, ""6"": 1}","{""0"": 117, ""1"": 99, ""2"": 84, ""3"": 41, ""4"": 15, ""5"": 8, ""6"": 1}"
393,132,Morning,"{""0"": 265, ""1"": 86, ""2"": 13, ""3"": 1}","{""0"": 214, ""1"": 89, ""2"": 34, ""3"": 20, ""4"": 6, ""5"": 1, ""6"": 1}"
394,132,Day,"{""0"": 237, ""1"": 86, ""2"": 32, ""3"": 8, ""4"": 2}","{""0"": 233, ""1"": 98, ""2"": 27, ""3"": 6, ""4"": 1}"
395,132,Evening,"{""0"": 147, ""1"": 104, ""2"": 49, ""3"": 41, ""4"": 16, ""5"": 7, ""8"": 1}","{""0"": 185, ""1"": 106, ""2"": 50, ""3"": 21, ""4"": 3}"
396,133,Morning,"{""0"": 329, ""1"": 30, ""2"": 5, ""3"": 1}","{""0"": 265, ""1"": 66, ""2"": 31, ""3"": 3}"
397,133,Day,"{""0"": 271, ""1"": 75, ""2"": 16, ""3"": 3}","{""0"": 279, ""1"": 71, ""2"": 14, ""3"": 1}"
398,133,Evening,"{""0"": 207, ""1"": 103, ""2"": 43, ""3"": 10, ""4"": 2}","{""0"": 251, ""1"": 83, ""2"": 25, ""3"": 6}"
399,134,Morning,"{""0"": 234, ""1"": 87, ""2"": 36, ""3"": 6, ""4"": 2}","{""0"": 196, ""1"": 96, ""2"": 50, ""3"": 17, ""4"": 3, ""5"": 3}"
400,134,Day,"{""0"": 202, ""1"": 107, ""2"": 43, ""3"": 9, ""4"": 2, ""5"": 2}","{""0"": 241, ""1"": 91, ""2"": 23, ""3"": 6, ""4"": 4}"
401,134,Evening,"{""0"": 152, ""1"": 104, ""2"": 69, ""3"": 23, ""4"": 10, ""5"": 7}","{""0"": 159, ""1"": 119, ""2"": 57, ""3"": 17, ""4"": 10, ""5"": 1, ""6"": 2}"
402,135,Morning,"{""0"": 254, ""1"": 85, ""2"": 23, ""3"": 2, ""4"": 1}","{""0"": 332, ""1"": 30, ""2"": 3}"
403,135,Day,"{""0"": 282, ""1"": 66, ""2"": 15, ""3"": 1, ""4"": 1}","{""0"": 266, ""1"": 78, ""2"": 20, ""3"": 1}"
404,135,Evening,"{""0"": 207, ""1"": 92, ""2"": 50, ""3"": 12, ""4"": 4}","{""0"": 175, ""1"": 106, ""2"": 55, ""3"": 20, ""4"": 6, ""5"": 3}"
405,136,Morning,"{""0"": 237, ""1"": 97, ""2"": 25, ""3"": 6}","{""0"": 321, ""1"": 39, ""2"": 4, ""3"": 1}"
406,136,Day,"{""0"": 275, ""1"": 80, ""2"": 9, ""3"": 1}","{""0"": 224, ""1"": 105, ""2"": 33, ""3"": 2, ""4"": 1}"
407,136,Evening,"{""0"": 216, ""1"": 89, ""2"": 41, ""3"": 15, ""4"": 3, ""5"": 1}","{""0"": 170, ""1"": 123, ""2"": 49, ""3"": 17, ""4"": 5, ""5"": 1}"
408,137,Morning,"{""0"": 302, ""1"": 48, ""2"": 13, ""3"": 2}","{""0"": 328, ""1"": 35, ""2"": 2}"
409,137,Day,"{""0"": 328, ""1"": 36, ""2"": 1}","{""0"": 331, ""1"": 29, ""2"": 5}"
410,137,Evening,"{""0"": 278, ""1"": 72, ""2"": 10, ""3"": 4, ""4"": 1}","{""0"": 238, ""1"": 90, ""2"": 29, ""3"": 7, ""4"": 1}"
411,138,Morning,"{""0"": 354, ""1"": 10, ""3"": 1}","{""0"": 328, ""1"": 37}"
412,138,Day,"{""0"": 345, ""1"": 19, ""3"": 1}","{""0"": 351, ""1"": 14}"
413,138,Evening,"{""0"": 328, ""1"": 35, ""2"": 1, ""3"": 1}","{""0"": 335, ""1"": 27, ""2"": 3}"
414,139,Morning,"{""0"": 340, ""1"": 24, ""2"": 1}","{""0"": 344, ""1"": 21}"
415,139,Day,"{""0"": 302, ""1"": 56, ""2"": 6, ""3"": 1}","{""0"": 292, ""1"": 61, ""2"": 11, ""3"": 1}"
416,139,Evening,"{""0"": 262, ""1"": 77, ""2"": 22, ""3"": 4}","{""0"": 260, ""1"": 87, ""2"": 14, ""3"": 4}"
417,140,Morning,"{""0"": 339, ""1"": 26}","{""0"": 346, ""1"": 17, ""2"": 2}"
418,140,Day,"{""0"": 331, ""1"": 30, ""2"": 3, ""3"": 1}","{""0"": 332, ""1"": 28, ""2"": 5}"
419,140,Evening,"{""0"": 306, ""1"": 44, ""2"": 14, ""3"": 1}","{""0"": 285, ""1"": 69, ""2"": 9, ""3"": 2}"
420,141,Morning,"{""0"": 283, ""1"": 74, ""2"": 7, ""3"": 1}","{""0"": 336, ""1"": 29}"
421,141,Day,"{""0"": 276, ""1"": 74, ""2"": 11, ""3"": 4}","{""0"": 291, ""1"": 62, ""2"": 9, ""3"": 1, ""4"": 1, ""5"": 1}"
422,141,Evening,"{""0"": 211, ""1"": 112, ""2"": 30, ""3"": 9, ""4"": 2, ""8"": 1}","{""0"": 174, ""1"": 115, ""2"": 53, ""3"": 16, ""4"": 4, ""5"": 2, ""8"": 1}"
423,142,Morning,"{""0"": 299, ""1"": 55, ""2"": 11}","{""0"": 332, ""1"": 31, ""2"": 2}"
424,142,Day,"{""0"": 280, ""1"": 62, ""2"": 16, ""3"": 7}","{""0"": 278, ""1"": 56, ""2"": 27, ""3"": 4}"
425,142,Evening,"{""0"": 205, ""1"": 99, ""2"": 46, ""3"": 10, ""4"": 4, ""7"": 1}","{""0"": 199, ""1"": 98, ""2"": 45, ""3"": 17, ""4"": 6}"
426,143,Morning,"{""0"": 307, ""1"": 51, ""2"": 6, ""3"": 1}","{""0"": 315, ""1"": 47, ""2"": 3}"
427,143,Day,"{""0"": 297, ""1"": 60, ""2"": 8}","{""0"": 298, ""1"": 59, ""2"": 8}"
428,143,Evening,"{""0"": 256, ""1"": 90, ""2"": 18, ""3"": 1}","{""0"": 254, ""1"": 87, ""2"": 21, ""3"": 3}"
429,144,Morning,"{""0"": 248, ""1"": 85, ""2"": 18, ""3"": 9, ""4"": 4, ""5"": 1}","{""0"": 301, ""1"": 56, ""2"": 8}"
430,144,Day,"{""0"": 254, ""1"": 85, ""2"": 19, ""3"": 6, ""4"": 1}","{""0"": 264, ""1"": 79, ""2"": 18, ""3"": 3, ""4"": 1}"
431,144,Evening,"{""0"": 176, ""1"": 118, ""2"": 44, ""3"": 22, ""4"": 2, ""5"": 2, ""6"": 1}","{""0"": 158, ""1"": 94, ""2"": 61, ""3"": 35, ""4"": 13, ""5"": 4}"
432,145,Morning,"{""0"": 194, ""1"": 117, ""2"": 38, ""3"": 10, ""4"": 5, ""5"": 1}","{""0"": 283, ""1"": 71, ""2"": 10, ""3"": 1}"
433,145,Day,"{""0"": 182, ""1"": 110, ""2"": 37, ""3"": 24, ""4"": 10, ""6"": 2}","{""0"": 191, ""1"": 99, ""2"": 47, ""3"": 20, ""4"": 6, ""5"": 1, ""6"": 1}"
434,145,Evening,"{""0"": 108, ""1"": 111, ""2"": 63, ""3"": 37, ""4"": 26, ""5"": 12, ""6"": 5, ""7"": 3}","{""0"": 85, ""1"": 97, ""2"": 71, ""3"": 51, ""4"": 29, ""5"": 18, ""6"": 6, ""7"": 3, ""8"": 2, ""9"": 3}"
435,146,Morning,"{""0"": 123, ""1"": 87, ""2"": 65, ""3"": 40, ""4"": 24, ""5"": 14, ""6"": 8, ""7"": 2, ""8"": 2}","{""0"": 155, ""1"": 76, ""2"": 67, ""3"": 37, ""4"": 18, ""5"": 6, ""6"": 3, ""7"": 2, ""8"": 1}"
436,146,Day,"{""0"": 84, ""1"": 67, ""2"": 64, ""3"": 63, ""4"": 29, ""5"": 24, ""6"": 22, ""7"": 3, ""8"": 5, ""9"": 4}","{""0"": 102, ""1"": 88, ""2"": 79, ""3"": 45, ""4"": 21, ""5"": 17, ""6"": 11, ""7"": 1, ""8"": 1}"
437,146,Evening,"{""0"": 39, ""1"": 32, ""2"": 48, ""3"": 49, ""4"": 65, ""5"": 50, ""6"": 28, ""7"": 19, ""8"": 11, ""9"": 10, ""10"": 6, ""11"": 3, ""12"": 4, ""13"": 1}","{""0"": 38, ""1"": 36, ""2"": 48, ""3"": 53, ""4"": 58, ""5"": 38, ""6"": 32, ""7"": 27, ""8"": 18, ""9"": 7, ""10"": 3, ""11"": 3, ""12"": 3, ""13"": 1}"
438,147,Morning,"{""0"": 267, ""1"": 82, ""2"": 12, ""3"": 4}","{""0"": 255, ""1"": 91, ""2"": 15, ""3"": 3, ""4"": 1}"
439,147,Day,"{""0"": 200, ""1"": 94, ""2"": 53, ""3"": 11, ""4"": 5, ""5"": 2}","{""0"": 184, ""1"": 127, ""2"": 41, ""3"": 7, ""4"": 5, ""5"": 1}"
440,147,Evening,"{""0"": 133, ""1"": 103, ""2"": 85, ""3"": 29, ""4"": 9, ""5"": 4, ""6"": 1, ""7"": 1}","{""0"": 138, ""1"": 103, ""2"": 65, ""3"": 39, ""4"": 10, ""5"": 8, ""6"": 1, ""7"": 1}"
441,148,Morning,"{""0"": 158, ""1"": 104, ""2"": 56, ""3"": 30, ""4"": 9, ""5"": 4, ""6"": 2, ""7"": 2}","{""0"": 185, ""1"": 104, ""2"": 51, ""3"": 18, ""4"": 6, ""6"": 1}"
442,148,Day,"{""0"": 109, ""1"": 107, ""2"": 75, ""3"": 40, ""4"": 17, ""5"": 11, ""6"": 4, ""7"": 1, ""9"": 1}","{""0"": 133, ""1"": 112, ""2"": 78, ""3"": 26, ""4"": 10, ""5"": 5, ""7"": 1}"
443,148,Evening,"{""0"": 64, ""1"": 62, ""2"": 75, ""3"": 60, ""4"": 43, ""5"": 30, ""6"": 15, ""7"": 6, ""8"": 5, ""9"": 1, ""10"": 2, ""11"": 1, ""13"": 1}","{""0"": 57, ""1"": 60, ""2"": 75, ""3"": 57, ""4"": 45, ""5"": 22, ""6"": 15, ""7"": 20, ""8"": 8, ""9"": 2, ""10"": 3, ""11"": 1}"
444,149,Morning,"{""0"": 255, ""1"": 80, ""2"": 25, ""3"": 5}","{""0"": 241, ""1"": 102, ""2"": 16, ""3"": 6}"
445,149,Day,"{""0"": 191, ""1"": 114, ""2"": 38, ""3"": 15, ""4"": 4, ""5"": 2, ""6"": 1}","{""0"": 203, ""1"": 109, ""2"": 34, ""3"": 13, ""4"": 5, ""6"": 1}"
446,149,Evening,"{""0"": 135, ""1"": 116, ""2"": 64, ""3"": 28, ""4"": 19, ""5"": 2, ""6"": 1}","{""0"": 136, ""1"": 115, ""2"": 62, ""3"": 28, ""4"": 19, ""5"": 5}"
447,150,Morning,"{""0"": 253, ""1"": 80, ""2"": 26, ""3"": 5, ""4"": 1}","{""0"": 283, ""1"": 65, ""2"": 14, ""3"": 3}"
448,150,Day,"{""0"": 212, ""1"": 100, ""2"": 35, ""3"": 14, ""4"": 1, ""5"": 3}","{""0"": 219, ""1"": 110, ""2"": 28, ""3"": 7, ""4"": 1}"
449,150,Evening,"{""0"": 149, ""1"": 98, ""2"": 69, ""3"": 29, ""4"": 13, ""5"": 5, ""7"": 2}","{""0"": 145, ""1"": 103, ""2"": 58, ""3"": 33, ""4"": 17, ""5"": 5, ""6"": 3, ""8"": 1}"
450,151,Morning,"{""0"": 216, ""1"": 102, ""2"": 35, ""3"": 9, ""4"": 3}","{""0"": 288, ""1"": 61, ""2"": 12, ""3"": 3, ""4"": 1}"
451,151,Day,"{""0"": 201, ""1"": 111, ""2"": 34, ""3"": 15, ""4"": 3, ""5"": 1}","{""0"": 214, ""1"": 102, ""2"": 38, ""3"": 8, ""4"": 3}"
452,151,Evening,"{""0"": 137, ""1"": 118, ""2"": 71, ""3"": 24, ""4"": 12, ""5"": 2, ""6"": 1}","{""0"": 137, ""1"": 122, ""2"": 58, ""3"": 25, ""4"": 15, ""5"": 6, ""6"": 1, ""7"": 1}"
453,152,Morning,"{""0"": 225, ""1"": 96, ""2"": 36, ""3"": 7, ""4"": 1}","{""0"": 286, ""1"": 66, ""2"": 9, ""3"": 4}"
454,152,Day,"{""0"": 228, ""1"": 82, ""2"": 38, ""3"": 16, ""4"": 1}","{""0"": 205, ""1"": 114, ""2"": 33, ""3"": 11, ""4"": 1, ""5"": 1}"
455,152,Evening,"{""0"": 125, ""1"": 108, ""2"": 71, ""3"": 36, ""4"": 19, ""5"": 6}","{""0"": 113, ""1"": 96, ""2"": 73, ""3"": 49, ""4"": 24, ""5"": 8, ""6"": 2}"
456,153,Morning,"{""0"": 328, ""1"": 34, ""2"": 3}","{""0"": 260, ""1"": 70, ""2"": 28, ""3"": 4, ""4"": 3}"
457,153,Day,"{""0"": 263, ""1"": 81, ""2"": 19, ""3"": 2}","{""0"": 277, ""1"": 66, ""2"": 20, ""3"": 2}"
458,153,Evening,"{""0"": 214, ""1"": 101, ""2"": 33, ""3"": 12, ""4"": 4, ""5"": 1}","{""0"": 281, ""1"": 67, ""2"": 14, ""3"": 2, ""4"": 1}"
459,154,Morning,"{""0"": 309, ""1"": 42, ""2"": 14}","{""0"": 221, ""1"": 81, ""2"": 40, ""3"": 13, ""4"": 6, ""5"": 4}"
460,154,Day,"{""0"": 177, ""1"": 110, ""2"": 51, ""3"": 21, ""4"": 5, ""5"": 1}","{""0"": 195, ""1"": 114, ""2"": 36, ""3"": 15, ""4"": 3, ""5"": 2}"
461,154,Evening,"{""0"": 159, ""1"": 91, ""2"": 78, ""3"": 30, ""4"": 4, ""5"": 1, ""6"": 2}","{""0"": 176, ""1"": 121, ""2"": 49, ""3"": 17, ""4"": 1, ""7"": 1}"
462,155,Morning,"{""0"": 352, ""1"": 12, ""2"": 1}","{""0"": 288, ""1"": 67, ""2"": 8, ""3"": 2}"
463,155,Day,"{""0"": 265, ""1"": 84, ""2"": 12, ""3"": 3, ""4"": 1}","{""0"": 279, ""1"": 65, ""2"": 19, ""3"": 1, ""4"": 1}"
464,155,Evening,"{""0"": 261, ""1"": 87, ""2"": 15, ""3"": 2}","{""0"": 306, ""1"": 47, ""2"": 10, ""3"": 2}"
465,156,Morning,"{""0"": 316, ""1"": 41, ""2"": 8}","{""0"": 263, ""1"": 70, ""2"": 28, ""3"": 2, ""4"": 2}"
466,156,Day,"{""0"": 295, ""1"": 61, ""2"": 7, ""3"": 2}","{""0"": 287, ""1"": 64, ""2"": 14}"
467,156,Evening,"{""0"": 219, ""1"": 98, ""2"": 37, ""3"": 7, ""4"": 4}","{""0"": 256, ""1"": 77, ""2"": 22, ""3"": 10}"
468,157,Morning,"{""0"": 211, ""1"": 130, ""2"": 20, ""3"": 4}","{""0"": 328, ""1"": 34, ""2"": 2, ""3"": 1}"
469,157,Day,"{""0"": 299, ""1"": 54, ""2"": 8, ""3"": 3, ""4"": 1}","{""0"": 297, ""1"": 57, ""2"": 10, ""4"": 1}"
470,157,Evening,"{""0"": 204, ""1"": 106, ""2"": 47, ""3"": 5, ""4"": 3}","{""0"": 150, ""1"": 136, ""2"": 58, ""3"": 17, ""4"": 3, ""5"": 1}"
471,158,Morning,"{""0"": 319, ""1"": 43, ""2"": 3}","{""0"": 360, ""1"": 5}"
472,158,Day,"{""0"": 328, ""1"": 36, ""2"": 1}","{""0"": 313, ""1"": 46, ""2"": 6}"
473,158,Evening,"{""0"": 280, ""1"": 75, ""2"": 8, ""3"": 2}","{""0"": 265, ""1"": 82, ""2"": 14, ""3"": 4}"
474,159,Morning,"{""0"": 212, ""1"": 107, ""2"": 35, ""3"": 9, ""4"": 2}","{""0"": 302, ""1"": 50, ""2"": 11, ""3"": 2}"
475,159,Day,"{""0"": 296, ""1"": 55, ""2"": 13, ""3"": 1}","{""0"": 280, ""1"": 67, ""2"": 15, ""3"": 2, ""4"": 1}"
476,159,Evening,"{""0"": 200, ""1"": 115, ""2"": 32, ""3"": 13, ""4"": 4, ""5"": 1}","{""0"": 146, ""1"": 110, ""2"": 75, ""3"": 24, ""4"": 8, ""5"": 2}"
477,160,Morning,"{""0"": 308, ""1"": 46, ""2"": 11}","{""0"": 335, ""1"": 28, ""2"": 2}"
478,160,Day,"{""0"": 337, ""1"": 28}","{""0"": 337, ""1"": 26, ""2"": 2}"
479,160,Evening,"{""0"": 276, ""1"": 76, ""2"": 11, ""3"": 2}","{""0"": 243, ""1"": 86, ""2"": 31, ""3"": 5}"
480,161,Morning,"{""0"": 296, ""1"": 55, ""2"": 11, ""3"": 3}","{""0"": 212, ""1"": 77, ""2"": 58, ""3"": 16, ""4"": 2}"
481,161,Day,"{""0"": 269, ""1"": 69, ""2"": 24, ""3"": 2, ""4"": 1}","{""0"": 288, ""1"": 58, ""2"": 16, ""3"": 3}"
482,161,Evening,"{""0"": 192, ""1"": 81, ""2"": 55, ""3"": 29, ""4"": 5, ""5"": 2, ""7"": 1}","{""0"": 241, ""1"": 85, ""2"": 32, ""3"": 6, ""4"": 1}"
483,162,Morning,"{""0"": 320, ""1"": 42, ""2"": 2, ""3"": 1}","{""0"": 349, ""1"": 16}"
484,162,Day,"{""0"": 312, ""1"": 45, ""2"": 6, ""3"": 2}","{""0"": 292, ""1"": 61, ""2"": 11, ""3"": 1}"
485,162,Evening,"{""0"": 259, ""1"": 76, ""2"": 21, ""3"": 7, ""4"": 1, ""5"": 1}","{""0"": 236, ""1"": 92, ""2"": 28, ""3"": 4, ""4"": 5}"
486,163,Morning,"{""0"": 352, ""1"": 13}","{""0"": 330, ""1"": 31, ""2"": 4}"
487,163,Day,"{""0"": 335, ""1"": 25, ""2"": 5}","{""0"": 341, ""1"": 21, ""2"": 3}"
488,163,Evening,"{""0"": 321, ""1"": 39, ""2"": 5}","{""0"": 323, ""1"": 35, ""2"": 4, ""3"": 3}"
489,164,Morning,"{""0"": 243, ""1"": 85, ""2"": 30, ""3"": 7}","{""0"": 201, ""1"": 138, ""2"": 23, ""3"": 3}"
490,164,Day,"{""0"": 172, ""1"": 115, ""2"": 64, ""3"": 12, ""4"": 1, ""5"": 1}","{""0"": 229, ""1"": 97, ""2"": 28, ""3"": 8, ""4"": 3}"
491,164,Evening,"{""0"": 131, ""1"": 119, ""2"": 69, ""3"": 28, ""4"": 13, ""5"": 4, ""6"": 1}","{""0"": 123, ""1"": 112, ""2"": 78, ""3"": 40, ""4"": 8, ""5"": 3, ""6"": 1}"
492,165,Morning,"{""0"": 284, ""1"": 63, ""2"": 6, ""3"": 2, ""4"": 1, ""6"": 1, ""8"": 1, ""9"": 1, ""10"": 2, ""12"": 1, ""19"": 2, ""21"": 1}","{""0"": 295, ""1"": 49, ""2"": 10, ""3"": 2, ""5"": 1, ""7"": 1, ""9"": 1, ""11"": 3, ""17"": 1, ""18"": 1, ""20"": 1}"
493,165,Day,"{""0"": 251, ""1"": 81, ""2"": 12, ""3"": 5, ""4"": 2, ""5"": 2, ""7"": 1, ""12"": 1, ""17"": 1, ""18"": 1, ""20"": 2, ""24"": 2, ""26"": 1, ""28"": 1, ""33"": 1, ""40"": 1}","{""0"": 268, ""1"": 64, ""2"": 11, ""3"": 6, ""4"": 3, ""5"": 2, ""12"": 1, ""16"": 1, ""17"": 1, ""21"": 1, ""23"": 1, ""24"": 2, ""25"": 1, ""29"": 1, ""31"": 1, ""40"": 1}"
494,165,Evening,"{""0"": 191, ""1"": 109, ""2"": 47, ""3"": 9, ""4"": 6, ""7"": 1, ""12"": 1, ""21"": 1}","{""0"": 223, ""1"": 81, ""2"": 43, ""3"": 11, ""4"": 4, ""8"": 1, ""12"": 1, ""23"": 1}"
495,166,Morning,"{""0"": 340, ""1"": 23, ""2"": 2}","{""0"": 338, ""1"": 26, ""2"": 1}"
496,166,Day,"{""0"": 333, ""1"": 29, ""2"": 3}","{""0"": 325, ""1"": 33, ""2"": 6, ""3"": 1}"
497,166,Evening,"{""0"": 307, ""1"": 49, ""2"": 9}","{""0"": 307, ""1"": 50, ""2"": 6, ""3"": 2}"
498,167,Morning,"{""0"": 288, ""1"": 61, ""2"": 14, ""3"": 2}","{""0"": 293, ""1"": 68, ""2"": 3, ""3"": 1}"
499,167,Day,"{""0"": 251, ""1"": 97, ""2"": 13, ""3"": 3, ""4"": 1}","{""0"": 266, ""1"": 72, ""2"": 22, ""3"": 4, ""5"": 1}"
500,167,Evening,"{""0"": 201, ""1"": 110, ""2"": 38, ""3"": 14, ""4"": 2}","{""0"": 191, ""1"": 107, ""2"": 50, ""3"": 16, ""4"": 1}"
501,168,Morning,"{""0"": 249, ""1"": 90, ""2"": 22, ""3"": 4}","{""0"": 200, ""1"": 111, ""2"": 51, ""3"": 3}"
502,168,Day,"{""0"": 159, ""1"": 112, ""2"": 59, ""3"": 22, ""4"": 11, ""5"": 1, ""6"": 1}","{""0"": 182, ""1"": 107, ""2"": 39, ""3"": 28, ""4"": 9}"
503,168,Evening,"{""0"": 112, ""1"": 96, ""2"": 85, ""3"": 42, ""4"": 25, ""5"": 4, ""6"": 1}","{""0"": 109, ""1"": 99, ""2"": 84, ""3"": 51, ""4"": 11, ""5"": 7, ""6"": 4}"
504,169,Morning,"{""0"": 323, ""1"": 37, ""2"": 5}","{""0"": 319, ""1"": 40, ""2"": 6}"
505,169,Day,"{""0"": 252, ""1"": 90, ""2"": 19, ""3"": 4}","{""0"": 259, ""1"": 86, ""2"": 15, ""3"": 3, ""4"": 2}"
506,169,Evening,"{""0"": 164, ""1"": 116, ""2"": 52, ""3"": 21, ""4"": 9, ""5"": 1, ""6"": 2}","{""0"": 147, ""1"": 107, ""2"": 68, ""3"": 22, ""4"": 12, ""5"": 5, ""6"": 4}"
507,170,Morning,"{""0"": 249, ""1"": 91, ""2"": 19, ""3"": 5, ""4"": 1}","{""0"": 256, ""1"": 82, ""2"": 23, ""3"": 3, ""4"": 1}"
508,170,Day,"{""0"": 186, ""1"": 111, ""2"": 46, ""3"": 18, ""4"": 4}","{""0"": 203, ""1"": 105, ""2"": 43, ""3"": 10, ""4"": 2, ""5"": 2}"
509,170,Evening,"{""0"": 120, ""1"": 130, ""2"": 60, ""3"": 29, ""4"": 17, ""5"": 7, ""6"": 2}","{""0"": 110, ""1"": 108, ""2"": 76, ""3"": 41, ""4"": 12, ""5"": 12, ""6"": 3, ""7"": 3}"
510,171,Morning,"{""0"": 319, ""1"": 43, ""2"": 3}","{""0"": 304, ""1"": 56, ""2"": 5}"
511,171,Day,"{""0"": 294, ""1"": 61, ""2"": 9, ""3"": 1}","{""0"": 298, ""1"": 60, ""2"": 5, ""3"": 2}"
512,171,Evening,"{""0"": 235, ""1"": 93, ""2"": 30, ""3"": 7}","{""0"": 229, ""1"": 96, ""2"": 30, ""3"": 8, ""4"": 2}"
513,172,Morning,"{""0"": 234, ""1"": 95, ""2"": 33, ""3"": 2, ""4"": 1}","{""0"": 234, ""1"": 97, ""2"": 24, ""3"": 9, ""5"": 1}"
514,172,Day,"{""0"": 168, ""1"": 113, ""2"": 57, ""3"": 18, ""4"": 7, ""5"": 2}","{""0"": 200, ""1"": 107, ""2"": 40, ""3"": 14, ""4"": 3, ""5"": 1}"
515,172,Evening,"{""0"": 116, ""1"": 87, ""2"": 83, ""3"": 42, ""4"": 26, ""5"": 6, ""6"": 3, ""7"": 2}","{""0"": 106, ""1"": 89, ""2"": 75, ""3"": 55, ""4"": 30, ""5"": 6, ""6"": 3, ""7"": 1}"
516,173,Morning,"{""0"": 228, ""1"": 90, ""2"": 33, ""3"": 10, ""4"": 3, ""5"": 1}","{""0"": 229, ""1"": 84, ""2"": 39, ""3"": 10, ""4"": 3}"
517,173,Day,"{""0"": 192, ""1"": 108, ""2"": 43, ""3"": 16, ""4"": 5, ""7"": 1}","{""0"": 204, ""1"": 111, ""2"": 32, ""3"": 12, ""4"": 4, ""5"": 2}"
518,173,Evening,"{""0"": 123, ""1"": 101, ""2"": 75, ""3"": 35, ""4"": 23, ""5"": 6, ""6"": 1, ""7"": 1}","{""0"": 117, ""1"": 95, ""2"": 91, ""3"": 30, ""4"": 18, ""5"": 8, ""6"": 4, ""7"": 1, ""8"": 1}"
519,174,Morning,"{""0"": 258, ""1"": 71, ""2"": 26, ""3"": 7, ""4"": 2, ""5"": 1}","{""0"": 261, ""1"": 81, ""2"": 21, ""3"": 2}"
520,174,Day,"{""0"": 240, ""1"": 94, ""2"": 25, ""3"": 3, ""4"": 2, ""5"": 1}","{""0"": 286, ""1"": 60, ""2"": 12, ""3"": 7}"
521,174,Evening,"{""0"": 185, ""1"": 109, ""2"": 54, ""3"": 12, ""4"": 4, ""5"": 1}","{""0"": 191, ""1"": 113, ""2"": 40, ""3"": 14, ""4"": 6, ""5"": 1}"
522,175,Morning,"{""0"": 323, ""1"": 38, ""2"": 3, ""3"": 1}","{""0"": 303, ""1"": 55, ""2"": 7}"
523,175,Day,"{""0"": 285, ""1"": 69, ""2"": 9, ""3"": 1, ""4"": 1}","{""0"": 304, ""1"": 56, ""2"": 4, ""3"": 1}"
524,175,Evening,"{""0"": 236, ""1"": 82, ""2"": 33, ""3"": 11, ""4"": 3}","{""0"": 300, ""1"": 51, ""2"": 10, ""3"": 3, ""4"": 1}"
525,176,Morning,"{""0"": 347, ""1"": 18}","{""0"": 278, ""1"": 71, ""2"": 15, ""3"": 1}"
526,176,Day,"{""0"": 341, ""1"": 23, ""2"": 1}","{""0"": 354, ""1"": 11}"
527,176,Evening,"{""0"": 296, ""1"": 60, ""2"": 8, ""3"": 1}","{""0"": 339, ""1"": 25, ""2"": 1}"
528,177,Morning,"{""0"": 285, ""1"": 54, ""2"": 23, ""3"": 3}","{""0"": 251, ""1"": 85, ""2"": 24, ""3"": 5}"
529,177,Day,"{""0"": 305, ""1"": 49, ""2"": 7, ""3"": 3, ""4"": 1}","{""0"": 291, ""1"": 61, ""2"": 10, ""3"": 2, ""4"": 1}"
530,177,Evening,"{""0"": 234, ""1"": 77, ""2"": 42, ""3"": 11, ""4"": 1}","{""0"": 249, ""1"": 82, ""2"": 30, ""3"": 1, ""4"": 3}"
531,178,Morning,"{""0"": 295, ""1"": 55, ""2"": 14, ""3"": 1}","{""0"": 342, ""1"": 22, ""2"": 1}"
532,178,Day,"{""0"": 316, ""1"": 42, ""2"": 6, ""3"": 1}","{""0"": 303, ""1"": 54, ""2"": 7, ""3"": 1}"
533,178,Evening,"{""0"": 263, ""1"": 83, ""2"": 15, ""3"": 2, ""4"": 2}","{""0"": 238, ""1"": 90, ""2"": 30, ""3"": 6, ""5"": 1}"
534,179,Morning,"{""0"": 220, ""1"": 103, ""2"": 33, ""3"": 8, ""4"": 1}","{""0"": 123, ""1"": 64, ""2"": 51, ""3"": 50, ""4"": 26, ""5"": 24, ""6"": 17, ""7"": 6, ""8"": 2, ""9"": 1, ""10"": 1}"
535,179,Day,"{""0"": 216, ""1"": 101, ""2"": 38, ""3"": 7, ""4"": 2, ""5"": 1}","{""0"": 224, ""1"": 105, ""2"": 24, ""3"": 7, ""4"": 3, ""5"": 1, ""7"": 1}"
536,179,Evening,"{""0"": 95, ""1"": 74, ""2"": 64, ""3"": 52, ""4"": 38, ""5"": 28, ""6"": 7, ""7"": 4, ""8"": 2, ""9"": 1}","{""0"": 150, ""1"": 128, ""2"": 52, ""3"": 24, ""4"": 10, ""5"": 1}"
537,180,Morning,"{""0"": 359, ""1"": 6}","{""0"": 352, ""1"": 13}"
538,180,Day,"{""0"": 336, ""1"": 27, ""2"": 2}","{""0"": 340, ""1"": 24, ""2"": 1}"
539,180,Evening,"{""0"": 333, ""1"": 28, ""2"": 4}","{""0"": 330, ""1"": 31, ""2"": 4}"
540,181,Morning,"{""0"": 329, ""1"": 34, ""2"": 1, ""3"": 1}","{""0"": 258, ""1"": 86, ""2"": 18, ""3"": 2, ""4"": 1}"
541,181,Day,"{""0"": 272, ""1"": 81, ""2"": 11, ""3"": 1}","{""0"": 307, ""1"": 56, ""2"": 2}"
542,181,Evening,"{""0"": 243, ""1"": 91, ""2"": 29, ""3"": 2}","{""0"": 258, ""1"": 82, ""2"": 20, ""3"": 4, ""4"": 1}"
543,182,Morning,"{""0"": 358, ""1"": 7}","{""0"": 341, ""1"": 22, ""2"": 2}"
544,182,Day,"{""0"": 345, ""1"": 19, ""2"": 1}","{""0"": 347, ""1"": 16, ""2"": 1, ""3"": 1}"
545,182,Evening,"{""0"": 331, ""1"": 31, ""2"": 3}","{""0"": 337, ""1"": 26, ""2"": 2}"
546,183,Morning,"{""0"": 258, ""1"": 72, ""2"": 27, ""3"": 3, ""4"": 3, ""5"": 2}","{""0"": 201, ""1"": 102, ""2"": 42, ""3"": 14, ""4"": 6}"
547,183,Day,"{""0"": 166, ""1"": 101, ""2"": 74, ""3"": 15, ""4"": 6, ""5"": 3}","{""0"": 228, ""1"": 88, ""2"": 29, ""3"": 12, ""4"": 7, ""5"": 1}"
548,183,Evening,"{""0"": 133, ""1"": 89, ""2"": 71, ""3"": 40, ""4"": 22, ""5"": 6, ""6"": 4}","{""0"": 194, ""1"": 103, ""2"": 52, ""3"": 10, ""4"": 5, ""5"": 1}"
549,184,Morning,"{""0"": 322, ""1"": 38, ""2"": 5}","{""0"": 296, ""1"": 61, ""2"": 8}"
550,184,Day,"{""0"": 248, ""1"": 90, ""2"": 24, ""3"": 3}","{""0"": 259, ""1"": 73, ""2"": 30, ""3"": 3}"
551,184,Evening,"{""0"": 194, ""1"": 113, ""2"": 34, ""3"": 18, ""4"": 3, ""5"": 2, ""8"": 1}","{""0"": 205, ""1"": 100, ""2"": 43, ""3"": 14, ""4"": 2, ""7"": 1}"
552,185,Morning,"{""0"": 217, ""1"": 111, ""2"": 26, ""3"": 9, ""4"": 2}","{""0"": 274, ""1"": 75, ""2"": 12, ""3"": 4}"
553,185,Day,"{""0"": 206, ""1"": 104, ""2"": 34, ""3"": 12, ""4"": 5, ""5"": 4}","{""0"": 221, ""1"": 88, ""2"": 41, ""3"": 11, ""4"": 3, ""5"": 1}"
554,185,Evening,"{""0"": 128, ""1"": 115, ""2"": 66, ""3"": 34, ""4"": 17, ""5"": 3, ""6"": 2}","{""0"": 118, ""1"": 92, ""2"": 71, ""3"": 52, ""4"": 18, ""5"": 10, ""6"": 3, ""8"": 1}"
555,186,Morning,"{""0"": 249, ""1"": 83, ""2"": 26, ""3"": 7}","{""0"": 290, ""1"": 61, ""2"": 10, ""3"": 3, ""5"": 1}"
556,186,Day,"{""0"": 215, ""1"": 101, ""2"": 30, ""3"": 13, ""4"": 6}","{""0"": 222, ""1"": 99, ""2"": 32, ""3"": 7, ""4"": 4, ""6"": 1}"
557,186,Evening,"{""0"": 141, ""1"": 120, ""2"": 64, ""3"": 20, ""4"": 13, ""5"": 3, ""6"": 3, ""7"": 1}","{""0"": 116, ""1"": 128, ""2"": 72, ""3"": 32, ""4"": 8, ""5"": 8, ""6"": 1}"
558,187,Morning,"{""0"": 302, ""1"": 57, ""2"": 6}","{""0"": 321, ""1"": 38, ""2"": 5, ""3"": 1}"
559,187,Day,"{""0"": 234, ""1"": 98, ""2"": 22, ""3"": 9, ""5"": 2}","{""0"": 238, ""1"": 89, ""2"": 28, ""3"": 7, ""4"": 3}"
560,187,Evening,"{""0"": 160, ""1"": 103, ""2"": 58, ""3"": 34, ""4"": 7, ""5"": 2, ""6"": 1}","{""0"": 162, ""1"": 88, ""2"": 72, ""3"": 29, ""4"": 11, ""5"": 3}"
561,188,Morning,"{""0"": 225, ""1"": 104, ""2"": 25, ""3"": 10, ""4"": 1}","{""0"": 93, ""1"": 66, ""2"": 78, ""3"": 48, ""4"": 34, ""5"": 22, ""6"": 14, ""7"": 6, ""9"": 3, ""10"": 1}"
562,188,Day,"{""0"": 58, ""1"": 66, ""2"": 76, ""3"": 74, ""4"": 53, ""5"": 26, ""6"": 6, ""7"": 5, ""8"": 1}","{""0"": 65, ""1"": 84, ""2"": 82, ""3"": 56, ""4"": 45, ""5"": 16, ""6"": 9, ""7"": 3, ""8"": 4, ""9"": 1}"
563,188,Evening,"{""0"": 32, ""1"": 25, ""2"": 65, ""3"": 48, ""4"": 61, ""5"": 51, ""6"": 40, ""7"": 17, ""8"": 10, ""9"": 8, ""10"": 5, ""11"": 1, ""12"": 2}","{""0"": 56, ""1"": 68, ""2"": 73, ""3"": 58, ""4"": 43, ""5"": 28, ""6"": 14, ""7"": 12, ""8"": 6, ""9"": 5, ""10"": 2}"
564,189,Morning,"{""0"": 209, ""1"": 99, ""2"": 42, ""3"": 11, ""4"": 3, ""6"": 1}","{""0"": 120, ""1"": 67, ""2"": 45, ""3"": 43, ""4"": 39, ""5"": 28, ""6"": 11, ""7"": 7, ""8"": 3, ""9"": 1, ""10"": 1}"
565,189,Day,"{""0"": 59, ""1"": 58, ""2"": 68, ""3"": 73, ""4"": 44, ""5"": 32, ""6"": 12, ""7"": 7, ""8"": 8, ""9"": 1, ""10"": 2, ""11"": 1}","{""0"": 76, ""1"": 94, ""2"": 69, ""3"": 68, ""4"": 19, ""5"": 20, ""6"": 10, ""7"": 8, ""10"": 1}"
566,189,Evening,"{""0"": 30, ""1"": 23, ""2"": 30, ""3"": 36, ""4"": 48, ""5"": 42, ""6"": 41, ""7"": 34, ""8"": 22, ""9"": 21, ""10"": 18, ""11"": 11, ""12"": 5, ""13"": 2, ""14"": 1, ""19"": 1}","{""0"": 59, ""1"": 67, ""2"": 68, ""3"": 59, ""4"": 47, ""5"": 35, ""6"": 15, ""7"": 7, ""8"": 7, ""10"": 1}"
567,190,Morning,"{""0"": 234, ""1"": 101, ""2"": 20, ""3"": 6, ""4"": 3, ""6"": 1}","{""0"": 125, ""1"": 73, ""2"": 60, ""3"": 38, ""4"": 41, ""5"": 11, ""6"": 9, ""7"": 3, ""8"": 2, ""9"": 3}"
568,190,Day,"{""0"": 106, ""1"": 79, ""2"": 89, ""3"": 42, ""4"": 23, ""5"": 13, ""6"": 9, ""7"": 3, ""8"": 1}","{""0"": 103, ""1"": 90, ""2"": 58, ""3"": 55, ""4"": 29, ""5"": 15, ""6"": 11, ""7"": 1, ""8"": 3}"
569,190,Evening,"{""0"": 39, ""1"": 35, ""2"": 58, ""3"": 56, ""4"": 59, ""5"": 50, ""6"": 26, ""7"": 15, ""8"": 12, ""9"": 6, ""10"": 6, ""11"": 1, ""12"": 1, ""17"": 1}","{""0"": 64, ""1"": 78, ""2"": 85, ""3"": 66, ""4"": 36, ""5"": 22, ""6"": 5, ""7"": 3, ""8"": 3, ""9"": 2, ""10"": 1}"
570,191,Morning,"{""0"": 169, ""1"": 91, ""2"": 58, ""3"": 29, ""4"": 12, ""5"": 4, ""6"": 1, ""8"": 1}","{""0"": 140, ""1"": 100, ""2"": 62, ""3"": 29, ""4"": 13, ""5"": 9, ""6"": 8, ""7"": 2, ""8"": 1, ""10"": 1}"
571,191,Day,"{""0"": 78, ""1"": 92, ""2"": 81, ""3"": 37, ""4"": 34, ""5"": 19, ""6"": 12, ""7"": 7, ""8"": 3, ""10"": 1, ""11"": 1}","{""0"": 94, ""1"": 92, ""2"": 70, ""3"": 38, ""4"": 34, ""5"": 16, ""6"": 10, ""7"": 4, ""8"": 4, ""9"": 1, ""10"": 2}"
572,191,Evening,"{""0"": 34, ""1"": 40, ""2"": 60, ""3"": 62, ""4"": 44, ""5"": 54, ""6"": 27, ""7"": 21, ""8"": 11, ""9"": 4, ""10"": 3, ""11"": 2, ""12"": 2, ""14"": 1}","{""0"": 53, ""1"": 46, ""2"": 71, ""3"": 68, ""4"": 55, ""5"": 25, ""6"": 23, ""7"": 14, ""8"": 5, ""9"": 2, ""10"": 1, ""11"": 1, ""12"": 1}"
573,192,Morning,"{""0"": 209, ""1"": 99, ""2"": 37, ""3"": 14, ""4"": 5, ""5"": 1}","{""0"": 290, ""1"": 63, ""2"": 11, ""3"": 1}"
574,192,Day,"{""0"": 226, ""1"": 96, ""2"": 24, ""3"": 16, ""4"": 3}","{""0"": 213, ""1"": 105, ""2"": 35, ""3"": 9, ""4"": 2, ""5"": 1}"
575,192,Evening,"{""0"": 139, ""1"": 107, ""2"": 69, ""3"": 33, ""4"": 11, ""5"": 4, ""6"": 1, ""9"": 1}","{""0"": 127, ""1"": 100, ""2"": 73, ""3"": 42, ""4"": 11, ""5"": 5, ""6"": 4, ""8"": 1, ""9"": 1, ""10"": 1}"
576,193,Morning,"{""0"": 300, ""1"": 54, ""2"": 11}","{""0"": 341, ""1"": 23, ""2"": 1}"
577,193,Day,"{""0"": 313, ""1"": 41, ""2"": 10, ""3"": 1}","{""0"": 280, ""1"": 71, ""2"": 10, ""3"": 4}"
578,193,Evening,"{""0"": 264, ""1"": 72, ""2"": 23, ""3"": 4, ""4"": 1, ""6"": 1}","{""0"": 247, ""1"": 87, ""2"": 26, ""3"": 4, ""5"": 1}"
579,194,Morning,"{""0"": 286, ""1"": 62, ""2"": 14, ""3"": 3}","{""0"": 142, ""1"": 44, ""2"": 35, ""3"": 38, ""4"": 23, ""5"": 37, ""6"": 19, ""7"": 15, ""8"": 6, ""9"": 5, ""12"": 1}"
580,194,Day,"{""0"": 201, ""1"": 88, ""2"": 50, ""3"": 18, ""4"": 5, ""5"": 3}","{""0"": 240, ""1"": 89, ""2"": 30, ""3"": 6}"
581,194,Evening,"{""0"": 141, ""1"": 82, ""2"": 42, ""3"": 37, ""4"": 28, ""5"": 16, ""6"": 10, ""7"": 5, ""8"": 3, ""10"": 1}","{""0"": 271, ""1"": 73, ""2"": 14, ""3"": 6, ""4"": 1}"
582,195,Morning,"{""0"": 361, ""1"": 4}","{""0"": 318, ""1"": 36, ""2"": 10, ""3"": 1}"
583,195,Day,"{""0"": 341, ""1"": 22, ""2"": 2}","{""0"": 347, ""1"": 16, ""2"": 2}"
584,195,Evening,"{""0"": 326, ""1"": 32, ""2"": 6, ""3"": 1}","{""0"": 358, ""1"": 7}"
585,196,Morning,"{""0"": 326, ""1"": 36, ""2"": 3}","{""0"": 321, ""1"": 39, ""2"": 5}"
586,196,Day,"{""0"": 297, ""1"": 53, ""2"": 12, ""3"": 3}","{""0"": 321, ""1"": 37, ""2"": 6, ""4"": 1}"
587,196,Evening,"{""0"": 257, ""1"": 69, ""2"": 30, ""3"": 8, ""4"": 1}","{""0"": 242, ""1"": 86, ""2"": 32, ""3"": 4, ""4"": 1}"
588,197,Morning,"{""0"": 331, ""1"": 33, ""2"": 1}","{""0"": 332, ""1"": 32, ""2"": 1}"
589,197,Day,"{""0"": 313, ""1"": 43, ""2"": 7, ""3"": 2}","{""0"": 320, ""1"": 33, ""2"": 10, ""3"": 2}"
590,197,Evening,"{""0"": 281, ""1"": 62, ""2"": 18, ""3"": 4}","{""0"": 272, ""1"": 79, ""2"": 9, ""3"": 5}"
591,198,Morning,"{""0"": 217, ""1"": 101, ""2"": 38, ""3"": 8, ""4"": 1}","{""0"": 297, ""1"": 61, ""2"": 6, ""3"": 1}"
592,198,Day,"{""0"": 261, ""1"": 86, ""2"": 17, ""3"": 1}","{""0"": 270, ""1"": 76, ""2"": 16, ""3"": 2, ""4"": 1}"
593,198,Evening,"{""0"": 201, ""1"": 102, ""2"": 46, ""3"": 8, ""4"": 6, ""5"": 1, ""6"": 1}","{""0"": 160, ""1"": 106, ""2"": 72, ""3"": 17, ""4"": 8, ""5"": 1, ""7"": 1}"
594,199,Morning,"{""0"": 267, ""1"": 78, ""2"": 18, ""3"": 2}","{""0"": 268, ""1"": 80, ""2"": 17}"
595,199,Day,"{""0"": 223, ""1"": 113, ""2"": 21, ""3"": 8}","{""0"": 252, ""1"": 91, ""2"": 22}"
596,199,Evening,"{""0"": 184, ""1"": 118, ""2"": 52, ""3"": 9, ""4"": 2}","{""0"": 176, ""1"": 117, ""2"": 45, ""3"": 21, ""4"": 5, ""5"": 1}"
597,200,Morning,"{""0"": 220, ""1"": 110, ""2"": 27, ""3"": 7, ""4"": 1}","{""0"": 342, ""1"": 20, ""2"": 2, ""3"": 1}"
598,200,Day,"{""0"": 276, ""1"": 68, ""2"": 16, ""3"": 5}","{""0"": 285, ""1"": 69, ""2"": 9, ""3"": 1, ""4"": 1}"
599,200,Evening,"{""0"": 202, ""1"": 115, ""2"": 31, ""3"": 12, ""4"": 3, ""5"": 2}","{""0"": 146, ""1"": 127, ""2"": 56, ""3"": 28, ""4"": 6, ""5"": 2}"
600,201,Morning,"{""0"": 262, ""1"": 84, ""2"": 16, ""3"": 3}","{""0"": 337, ""1"": 24, ""2"": 3, ""3"": 1}"
601,201,Day,"{""0"": 286, ""1"": 63, ""2"": 14, ""3"": 2}","{""0"": 283, ""1"": 70, ""2"": 7, ""3"": 4, ""4"": 1}"
602,201,Evening,"{""0"": 211, ""1"": 102, ""2"": 38, ""3"": 11, ""4"": 1, ""5"": 2}","{""0"": 179, ""1"": 113, ""2"": 50, ""3"": 12, ""4"": 10, ""5"": 1}"
603,202,Morning,"{""0"": 178, ""1"": 92, ""2"": 59, ""3"": 24, ""4"": 9, ""5"": 3}","{""0"": 152, ""1"": 80, ""2"": 58, ""3"": 32, ""4"": 26, ""5"": 13, ""6"": 3, ""7"": 1}"
604,202,Day,"{""0"": 89, ""1"": 87, ""2"": 83, ""3"": 54, ""4"": 28, ""5"": 15, ""6"": 6, ""7"": 2, ""9"": 1}","{""0"": 105, ""1"": 123, ""2"": 86, ""3"": 33, ""4"": 9, ""5"": 3, ""6"": 3, ""7"": 3}"
605,202,Evening,"{""0"": 55, ""1"": 49, ""2"": 86, ""3"": 67, ""4"": 45, ""5"": 35, ""6"": 16, ""7"": 5, ""8"": 5, ""9"": 1, ""11"": 1}","{""0"": 96, ""1"": 99, ""2"": 74, ""3"": 44, ""4"": 27, ""5"": 14, ""6"": 5, ""7"": 4, ""8"": 1, ""9"": 1}"
606,203,Morning,"{""0"": 361, ""1"": 4}","{""0"": 355, ""1"": 10}"
607,203,Day,"{""0"": 351, ""1"": 13, ""2"": 1}","{""0"": 344, ""1"": 17, ""2"": 4}"
608,203,Evening,"{""0"": 330, ""1"": 32, ""2"": 3}","{""0"": 333, ""1"": 29, ""2"": 2, ""3"": 1}"
609,204,Morning,"{""0"": 194, ""1"": 88, ""2"": 43, ""3"": 23, ""4"": 12, ""5"": 3, ""6"": 1, ""9"": 1}","{""0"": 115, ""1"": 26, ""2"": 9, ""3"": 20, ""4"": 20, ""5"": 22, ""6"": 19, ""7"": 14, ""8"": 24, ""9"": 21, ""10"": 17, ""11"": 18, ""12"": 17, ""13"": 11, ""14"": 2, ""15"": 3, ""16"": 4, ""17"": 2, ""18"": 1}"
610,204,Day,"{""0"": 101, ""1"": 99, ""2"": 61, ""3"": 48, ""4"": 25, ""5"": 16, ""6"": 8, ""7"": 4, ""8"": 1, ""9"": 1, ""10"": 1}","{""0"": 123, ""1"": 99, ""2"": 80, ""3"": 36, ""4"": 14, ""5"": 7, ""6"": 4, ""7"": 1, ""8"": 1}"
611,204,Evening,"{""0"": 64, ""1"": 39, ""2"": 39, ""3"": 35, ""4"": 38, ""5"": 33, ""6"": 32, ""7"": 26, ""8"": 19, ""9"": 14, ""10"": 10, ""11"": 9, ""12"": 5, ""13"": 1, ""14"": 1}","{""0"": 117, ""1"": 99, ""2"": 78, ""3"": 47, ""4"": 9, ""5"": 13, ""6"": 2}"
612,205,Morning,"{""0"": 341, ""1"": 23, ""2"": 1}","{""0"": 358, ""1"": 6, ""2"": 1}"
613,205,Day,"{""0"": 338, ""1"": 27}","{""0"": 343, ""1"": 21, ""2"": 1}"
614,205,Evening,"{""0"": 331, ""1"": 31, ""2"": 3}","{""0"": 317, ""1"": 44, ""2"": 4}"
615,206,Morning,"{""0"": 342, ""1"": 23}","{""0"": 357, ""1"": 8}"
616,206,Day,"{""0"": 353, ""1"": 9, ""2"": 3}","{""0"": 352, ""1"": 12, ""2"": 1}"
617,206,Evening,"{""0"": 338, ""1"": 24, ""2"": 3}","{""0"": 321, ""1"": 37, ""2"": 7}"
618,207,Morning,"{""0"": 267, ""1"": 76, ""2"": 17, ""3"": 3, ""4"": 1, ""6"": 1}","{""0"": 321, ""1"": 35, ""2"": 6, ""3"": 2, ""6"": 1}"
619,207,Day,"{""0"": 276, ""1"": 69, ""2"": 16, ""3"": 2, ""4"": 1, ""5"": 1}","{""0"": 282, ""1"": 65, ""2"": 14, ""3"": 2, ""5"": 2}"
620,207,Evening,"{""0"": 243, ""1"": 83, ""2"": 30, ""3"": 7, ""4"": 1, ""6"": 1}","{""0"": 212, ""1"": 97, ""2"": 40, ""3"": 13, ""4"": 2, ""5"": 1}"
621,208,Morning,"{""0"": 263, ""1"": 75, ""2"": 20, ""3"": 6, ""4"": 1}","{""0"": 349, ""1"": 13, ""2"": 3}"
622,208,Day,"{""0"": 302, ""1"": 49, ""2"": 10, ""3"": 4}","{""0"": 307, ""1"": 44, ""2"": 13, ""3"": 1}"
623,208,Evening,"{""0"": 268, ""1"": 75, ""2"": 17, ""3"": 3, ""4"": 1, ""5"": 1}","{""0"": 212, ""1"": 106, ""2"": 34, ""3"": 10, ""4"": 2, ""5"": 1}"
624,209,Morning,"{""0"": 240, ""1"": 95, ""2"": 22, ""3"": 6, ""4"": 2}","{""0"": 329, ""1"": 31, ""2"": 4, ""3"": 1}"
625,209,Day,"{""0"": 247, ""1"": 79, ""2"": 28, ""3"": 7, ""4"": 2, ""5"": 1, ""6"": 1}","{""0"": 230, ""1"": 101, ""2"": 25, ""3"": 6, ""4"": 2, ""5"": 1}"
626,209,Evening,"{""0"": 172, ""1"": 97, ""2"": 69, ""3"": 18, ""4"": 9}","{""0"": 150, ""1"": 98, ""2"": 74, ""3"": 30, ""4"": 7, ""5"": 5, ""6"": 1}"
627,210,Morning,"{""0"": 347, ""1"": 18}","{""0"": 356, ""1"": 9}"
628,210,Day,"{""0"": 344, ""1"": 18, ""2"": 3}","{""0"": 345, ""1"": 17, ""2"": 3}"
629,210,Evening,"{""0"": 331, ""1"": 30, ""2"": 3, ""3"": 1}","{""0"": 318, ""1"": 39, ""2"": 8}"
630,211,Morning,"{""0"": 358, ""1"": 7}","{""0"": 324, ""1"": 30, ""2"": 7, ""3"": 3, ""4"": 1}"
631,211,Day,"{""0"": 341, ""1"": 20, ""2"": 4}","{""0"": 333, ""1"": 28, ""2"": 3, ""3"": 1}"
632,211,Evening,"{""0"": 313, ""1"": 43, ""2"": 9}","{""0"": 344, ""1"": 19, ""2"": 2}"
633,212,Morning,"{""0"": 337, ""1"": 27, ""2"": 1}","{""0"": 357, ""1"": 8}"
634,212,Day,"{""0"": 337, ""1"": 25, ""2"": 3}","{""0"": 341, ""1"": 21, ""2"": 3}"
635,212,Evening,"{""0"": 295, ""1"": 60, ""2"": 7, ""3"": 3}","{""0"": 279, ""1"": 64, ""2"": 17, ""3"": 5}"
636,213,Morning,"{""0"": 258, ""1"": 86, ""2"": 18, ""3"": 1, ""4"": 2}","{""0"": 335, ""1"": 29, ""2"": 1}"
637,213,Day,"{""0"": 268, ""1"": 78, ""2"": 14, ""3"": 5}","{""0"": 275, ""1"": 73, ""2"": 16, ""3"": 1}"
638,213,Evening,"{""0"": 210, ""1"": 105, ""2"": 33, ""3"": 11, ""4"": 5, ""5"": 1}","{""0"": 140, ""1"": 124, ""2"": 65, ""3"": 23, ""4"": 9, ""5"": 4}"
639,214,Morning,"{""0"": 297, ""1"": 54, ""2"": 12, ""3"": 1, ""4"": 1}","{""0"": 336, ""1"": 27, ""2"": 2}"
640,214,Day,"{""0"": 309, ""1"": 48, ""2"": 6, ""3"": 2}","{""0"": 319, ""1"": 42, ""2"": 4}"
641,214,Evening,"{""0"": 279, ""1"": 71, ""2"": 14, ""3"": 1}","{""0"": 268, ""1"": 73, ""2"": 19, ""3"": 3, ""4"": 1, ""5"": 1}"
642,215,Morning,"{""0"": 334, ""1"": 26, ""2"": 4, ""3"": 1}","{""0"": 361, ""1"": 2, ""2"": 2}"
643,215,Day,"{""0"": 334, ""1"": 27, ""2"": 4}","{""0"": 342, ""1"": 22, ""2"": 1}"
644,215,Evening,"{""0"": 313, ""1"": 43, ""2"": 9}","{""0"": 281, ""1"": 70, ""2"": 13, ""3"": 1}"
645,216,Morning,"{""0"": 202, ""1"": 128, ""2"": 29, ""3"": 6}","{""0"": 353, ""1"": 12}"
646,216,Day,"{""0"": 298, ""1"": 60, ""2"": 7}","{""0"": 309, ""1"": 48, ""2"": 8}"
647,216,Evening,"{""0"": 259, ""1"": 78, ""2"": 21, ""3"": 6, ""4"": 1}","{""0"": 141, ""1"": 153, ""2"": 52, ""3"": 16, ""4"": 3}"
648,217,Morning,"{""0"": 312, ""1"": 46, ""2"": 7}","{""0"": 193, ""1"": 22, ""2"": 10, ""3"": 16, ""4"": 23, ""5"": 23, ""6"": 28, ""7"": 25, ""8"": 14, ""9"": 11}"
649,217,Day,"{""0"": 202, ""1"": 50, ""2"": 45, ""3"": 34, ""4"": 18, ""5"": 5, ""6"": 9, ""7"": 2}","{""0"": 207, ""1"": 82, ""2"": 46, ""3"": 24, ""4"": 5, ""5"": 1}"
650,217,Evening,"{""0"": 191, ""1"": 49, ""2"": 36, ""3"": 26, ""4"": 40, ""5"": 17, ""6"": 6}","{""0"": 256, ""1"": 78, ""2"": 24, ""3"": 7}"
651,218,Morning,"{""0"": 354, ""1"": 11}","{""0"": 319, ""1"": 44, ""2"": 2}"
652,218,Day,"{""0"": 340, ""1"": 23, ""2"": 2}","{""0"": 335, ""1"": 27, ""2"": 3}"
653,218,Evening,"{""0"": 320, ""1"": 37, ""2"": 6, ""3"": 2}","{""0"": 342, ""1"": 20, ""2"": 3}"
654,219,Morning,"{""0"": 356, ""1"": 8, ""2"": 1}","{""0"": 358, ""1"": 6, ""2"": 1}"
655,219,Day,"{""0"": 350, ""1"": 13, ""2"": 2}","{""0"": 355, ""1"": 9, ""3"": 1}"
656,219,Evening,"{""0"": 318, ""1"": 35, ""2"": 11, ""3"": 1}","{""0"": 304, ""1"": 46, ""2"": 11, ""3"": 3, ""4"": 1}"
657,220,Morning,"{""0"": 337, ""1"": 26, ""2"": 2}","{""0"": 359, ""1"": 5, ""2"": 1}"
658,220,Day,"{""0"": 333, ""1"": 28, ""2"": 4}","{""0"": 333, ""1"": 29, ""2"": 3}"
659,220,Evening,"{""0"": 309, ""1"": 49, ""2"": 7}","{""0"": 298, ""1"": 56, ""2"": 11}"
660,221,Morning,"{""0"": 262, ""1"": 71, ""2"": 26, ""3"": 5, ""4"": 1}","{""0"": 245, ""1"": 73, ""2"": 38, ""3"": 9}"
661,221,Day,"{""0"": 306, ""1"": 43, ""2"": 13, ""3"": 3}","{""0"": 309, ""1"": 49, ""2"": 6, ""3"": 1}"
662,221,Evening,"{""0"": 239, ""1"": 83, ""2"": 31, ""3"": 8, ""4"": 4}","{""0"": 243, ""1"": 89, ""2"": 27, ""3"": 5, ""5"": 1}"
663,222,Morning,"{""0"": 318, ""1"": 42, ""2"": 4, ""3"": 1}","{""0"": 358, ""1"": 7}"
664,222,Day,"{""0"": 341, ""1"": 23, ""2"": 1}","{""0"": 333, ""1"": 29, ""2"": 3}"
665,222,Evening,"{""0"": 317, ""1"": 42, ""2"": 3, ""3"": 2, ""4"": 1}","{""0"": 288, ""1"": 66, ""2"": 6, ""3"": 3, ""4"": 2}"
666,223,Morning,"{""0"": 280, ""1"": 74, ""2"": 8, ""3"": 2, ""4"": 1}","{""0"": 345, ""1"": 18, ""2"": 2}"
667,223,Day,"{""0"": 300, ""1"": 58, ""2"": 6, ""3"": 1}","{""0"": 295, ""1"": 59, ""2"": 10, ""3"": 1}"
668,223,Evening,"{""0"": 260, ""1"": 84, ""2"": 17, ""3"": 4}","{""0"": 223, ""1"": 94, ""2"": 39, ""3"": 7, ""4"": 2}"
669,224,Morning,"{""0"": 361, ""1"": 4}","{""0"": 347, ""1"": 18}"
670,224,Day,"{""0"": 345, ""1"": 17, ""2"": 3}","{""0"": 343, ""1"": 19, ""2"": 1, ""3"": 1, ""4"": 1}"
671,224,Evening,"{""0"": 326, ""1"": 34, ""2"": 5}","{""0"": 330, ""1"": 31, ""2"": 4}"
672,225,Morning,"{""0"": 327, ""1"": 29, ""2"": 9}","{""0"": 248, ""1"": 42, ""2"": 32, ""3"": 17, ""4"": 16, ""5"": 5, ""6"": 3, ""7"": 2}"
673,225,Day,"{""0"": 258, ""1"": 61, ""2"": 34, ""3"": 7, ""4"": 5}","{""0"": 264, ""1"": 60, ""2"": 29, ""3"": 10, ""4"": 1, ""5"": 1}"
674,225,Evening,"{""0"": 219, ""1"": 43, ""2"": 24, ""3"": 27, ""4"": 17, ""5"": 21, ""6"": 9, ""7"": 3, ""8"": 2}","{""0"": 254, ""1"": 51, ""2"": 37, ""3"": 18, ""4"": 5}"
675,226,Morning,"{""0"": 338, ""1"": 24, ""2"": 3}","{""0"": 356, ""1"": 9}"
676,226,Day,"{""0"": 334, ""1"": 24, ""2"": 5, ""3"": 2}","{""0"": 336, ""1"": 27, ""2"": 2}"
677,226,Evening,"{""0"": 310, ""1"": 46, ""2"": 7, ""3"": 2}","{""0"": 287, ""1"": 66, ""2"": 10, ""3"": 2}"
678,227,Morning,"{""0"": 343, ""1"": 20, ""2"": 2}","{""0"": 340, ""1"": 23, ""2"": 2}"
679,227,Day,"{""0"": 307, ""1"": 52, ""2"": 6}","{""0"": 314, ""1"": 44, ""2"": 7}"
680,227,Evening,"{""0"": 264, ""1"": 82, ""2"": 16, ""3"": 1, ""4"": 2}","{""0"": 244, ""1"": 91, ""2"": 25, ""3"": 5}"
681,228,Morning,"{""0"": 339, ""1"": 24, ""2"": 2}","{""0"": 359, ""1"": 6}"
682,228,Day,"{""0"": 312, ""1"": 43, ""2"": 9, ""3"": 1}","{""0"": 298, ""1"": 59, ""2"": 8}"
683,228,Evening,"{""0"": 309, ""1"": 51, ""2"": 5}","{""0"": 264, ""1"": 83, ""2"": 18}"
684,229,Morning,"{""0"": 334, ""1"": 31}","{""0"": 360, ""1"": 5}"
685,229,Day,"{""0"": 342, ""1"": 21, ""2"": 2}","{""0"": 346, ""1"": 18, ""2"": 1}"
686,229,Evening,"{""0"": 329, ""1"": 32, ""2"": 3, ""3"": 1}","{""0"": 314, ""1"": 44, ""2"": 4, ""3"": 2, ""4"": 1}"
687,230,Morning,"{""0"": 313, ""1"": 43, ""2"": 8, ""3"": 1}","{""0"": 352, ""1"": 12, ""2"": 1}"
688,230,Day,"{""0"": 330, ""1"": 31, ""2"": 4}","{""0"": 318, ""1"": 41, ""2"": 5, ""3"": 1}"
689,230,Evening,"{""0"": 301, ""1"": 55, ""2"": 8, ""3"": 1}","{""0"": 287, ""1"": 59, ""2"": 14, ""3"": 4, ""4"": 1}"
690,231,Morning,"{""0"": 325, ""1"": 38, ""2"": 2}","{""0"": 356, ""1"": 9}"
691,231,Day,"{""0"": 331, ""1"": 31, ""2"": 3}","{""0"": 326, ""1"": 33, ""2"": 6}"
692,231,Evening,"{""0"": 306, ""1"": 54, ""2"": 5}","{""0"": 290, ""1"": 65, ""2"": 6, ""3"": 4}"
693,232,Morning,"{""0"": 298, ""1"": 62, ""2"": 5}","{""0"": 332, ""1"": 32, ""3"": 1}"
694,232,Day,"{""0"": 320, ""1"": 36, ""2"": 8, ""3"": 1}","{""0"": 312, ""1"": 43, ""2"": 8, ""3"": 2}"
695,232,Evening,"{""0"": 290, ""1"": 60, ""2"": 12, ""3"": 3}","{""0"": 257, ""1"": 88, ""2"": 17, ""3"": 1, ""4"": 2}"
696,233,Morning,"{""0"": 326, ""1"": 37, ""2"": 2}","{""0"": 358, ""1"": 7}"
697,233,Day,"{""0"": 326, ""1"": 36, ""2"": 3}","{""0"": 340, ""1"": 23, ""2"": 1, ""3"": 1}"
698,233,Evening,"{""0"": 312, ""1"": 46, ""2"": 6, ""3"": 1}","{""0"": 280, ""1"": 66, ""2"": 17, ""3"": 2}"
699,234,Morning,"{""0"": 288, ""1"": 68, ""2"": 6, ""3"": 2, ""4"": 1}","{""0"": 343, ""1"": 21, ""3"": 1}"
700,234,Day,"{""0"": 316, ""1"": 44, ""2"": 3, ""3"": 1, ""4"": 1}","{""0"": 303, ""1"": 55, ""2"": 5, ""3"": 2}"
701,234,Evening,"{""0"": 258, ""1"": 82, ""2"": 18, ""3"": 7}","{""0"": 232, ""1"": 92, ""2"": 34, ""3"": 5, ""4"": 2}"
702,235,Morning,"{""0"": 342, ""1"": 21, ""2"": 1, ""3"": 1}","{""0"": 363, ""1"": 1, ""3"": 1}"
703,235,Day,"{""0"": 357, ""1"": 8}","{""0"": 349, ""1"": 15, ""2"": 1}"
704,235,Evening,"{""0"": 330, ""1"": 31, ""2"": 4}","{""0"": 301, ""1"": 57, ""2"": 7}"
705,236,Morning,"{""0"": 318, ""1"": 40, ""2"": 7}","{""0"": 349, ""1"": 15, ""2"": 1}"
706,236,Day,"{""0"": 330, ""1"": 29, ""2"": 5, ""3"": 1}","{""0"": 328, ""1"": 32, ""2"": 4, ""3"": 1}"
707,236,Evening,"{""0"": 304, ""1"": 52, ""2"": 7, ""3"": 2}","{""0"": 268, ""1"": 77, ""2"": 19, ""3"": 1}"
708,237,Morning,"{""0"": 301, ""1"": 57, ""2"": 7}","{""0"": 360, ""1"": 5}"
709,237,Day,"{""0"": 331, ""1"": 30, ""2"": 4}","{""0"": 326, ""1"": 37, ""2"": 2}"
710,237,Evening,"{""0"": 282, ""1"": 75, ""2"": 7, ""3"": 1}","{""0"": 225, ""1"": 106, ""2"": 32, ""3"": 1, ""4"": 1}"
711,238,Morning,"{""0"": 349, ""1"": 14, ""2"": 2}","{""0"": 335, ""1"": 29, ""2"": 1}"
712,238,Day,"{""0"": 323, ""1"": 40, ""2"": 2}","{""0"": 341, ""1"": 24}"
713,238,Evening,"{""0"": 319, ""1"": 41, ""2"": 4, ""3"": 1}","{""0"": 316, ""1"": 43, ""2"": 6}"
714,239,Morning,"{""0"": 335, ""1"": 26, ""2"": 4}","{""0"": 351, ""1"": 13, ""2"": 1}"
715,239,Day,"{""0"": 321, ""1"": 42, ""2"": 2}","{""0"": 335, ""1"": 26, ""2"": 3, ""3"": 1}"
716,239,Evening,"{""0"": 303, ""1"": 51, ""2"": 9, ""3"": 1, ""6"": 1}","{""0"": 306, ""1"": 47, ""2"": 8, ""3"": 4}"
717,240,Morning,"{""0"": 323, ""1"": 37, ""2"": 5}","{""0"": 357, ""1"": 7, ""2"": 1}"
718,240,Day,"{""0"": 311, ""1"": 43, ""2"": 9, ""3"": 2}","{""0"": 315, ""1"": 43, ""2"": 6, ""4"": 1}"
719,240,Evening,"{""0"": 296, ""1"": 56, ""2"": 8, ""3"": 4, ""4"": 1}","{""0"": 271, ""1"": 71, ""2"": 19, ""3"": 2, ""4"": 1, ""5"": 1}"
720,241,Morning,"{""0"": 327, ""1"": 34, ""2"": 4}","{""0"": 356, ""1"": 9}"
721,241,Day,"{""0"": 331, ""1"": 33, ""2"": 1}","{""0"": 333, ""1"": 29, ""2"": 3}"
722,241,Evening,"{""0"": 309, ""1"": 48, ""2"": 8}","{""0"": 294, ""1"": 62, ""2"": 9}"
723,242,Morning,"{""0"": 326, ""1"": 38, ""2"": 1}","{""0"": 309, ""1"": 47, ""2"": 8, ""3"": 1}"
724,242,Day,"{""0"": 309, ""1"": 36, ""2"": 16, ""3"": 3, ""4"": 1}","{""0"": 287, ""1"": 52, ""2"": 24, ""3"": 2}"
725,242,Evening,"{""0"": 276, ""1"": 68, ""2"": 19, ""3"": 1, ""4"": 1}","{""0"": 287, ""1"": 65, ""2"": 12, ""4"": 1}"
726,243,Morning,"{""0"": 351, ""1"": 14}","{""0"": 362, ""1"": 3}"
727,243,Day,"{""0"": 352, ""1"": 12, ""2"": 1}","{""0"": 344, ""1"": 19, ""2"": 2}"
728,243,Evening,"{""0"": 331, ""1"": 32, ""2"": 2}","{""0"": 315, ""1"": 46, ""2"": 2, ""3"": 2}"
729,244,Morning,"{""0"": 352, ""1"": 13}","{""0"": 338, ""1"": 27}"
730,244,Day,"{""0"": 342, ""1"": 20, ""2"": 3}","{""0"": 347, ""1"": 16, ""2"": 2}"
731,244,Evening,"{""0"": 332, ""1"": 31, ""2"": 2}","{""0"": 325, ""1"": 39, ""2"": 1}"
732,245,Morning,"{""0"": 286, ""1"": 66, ""2"": 11, ""3"": 2}","{""0"": 340, ""1"": 23, ""2"": 2}"
733,245,Day,"{""0"": 297, ""1"": 52, ""2"": 13, ""3"": 3}","{""0"": 293, ""1"": 55, ""2"": 15, ""3"": 2}"
734,245,Evening,"{""0"": 238, ""1"": 83, ""2"": 35, ""3"": 7, ""4"": 2}","{""0"": 226, ""1"": 82, ""2"": 46, ""3"": 10, ""4"": 1}"
735,246,Morning,"{""0"": 330, ""1"": 32, ""2"": 2, ""4"": 1}","{""0"": 355, ""1"": 8, ""2"": 2}"
736,246,Day,"{""0"": 338, ""1"": 23, ""2"": 3, ""4"": 1}","{""0"": 332, ""1"": 28, ""2"": 5}"
737,246,Evening,"{""0"": 310, ""1"": 44, ""2"": 10, ""3"": 1}","{""0"": 301, ""1"": 49, ""2"": 14, ""4"": 1}"
738,247,Morning,"{""0"": 350, ""1"": 15}","{""0"": 360, ""1"": 5}"
739,247,Day,"{""0"": 337, ""1"": 25, ""2"": 3}","{""0"": 336, ""1"": 28, ""2"": 1}"
740,247,Evening,"{""0"": 324, ""1"": 36, ""2"": 4, ""3"": 1}","{""0"": 296, ""1"": 59, ""2"": 10}"
741,248,Morning,"{""0"": 324, ""1"": 36, ""2"": 5}","{""0"": 353, ""1"": 12}"
742,248,Day,"{""0"": 323, ""1"": 35, ""2"": 6, ""3"": 1}","{""0"": 322, ""1"": 38, ""2"": 5}"
743,248,Evening,"{""0"": 298, ""1"": 57, ""2"": 6, ""3"": 3, ""4"": 1}","{""0"": 282, ""1"": 60, ""2"": 21, ""3"": 2}"
744,249,Morning,"{""0"": 336, ""1"": 25, ""2"": 4}","{""0"": 358, ""1"": 7}"
745,249,Day,"{""0"": 332, ""1"": 30, ""2"": 2, ""4"": 1}","{""0"": 337, ""1"": 24, ""2"": 3, ""3"": 1}"
746,249,Evening,"{""0"": 321, ""1"": 37, ""2"": 6, ""3"": 1}","{""0"": 294, ""1"": 59, ""2"": 10, ""3"": 2}"
747,250,Morning,"{""0"": 347, ""1"": 17, ""2"": 1}","{""0"": 358, ""1"": 6, ""2"": 1}"
748,250,Day,"{""0"": 344, ""1"": 18, ""2"": 3}","{""0"": 348, ""1"": 16, ""2"": 1}"
749,250,Evening,"{""0"": 310, ""1"": 49, ""2"": 4, ""3"": 2}","{""0"": 300, ""1"": 53, ""2"": 9, ""3"": 2, ""4"": 1}"
750,251,Morning,"{""0"": 354, ""1"": 10, ""2"": 1}","{""0"": 349, ""1"": 15, ""2"": 1}"
751,251,Day,"{""0"": 342, ""1"": 18, ""2"": 4, ""3"": 1}","{""0"": 335, ""1"": 28, ""2"": 2}"
752,251,Evening,"{""0"": 337, ""1"": 20, ""2"": 7, ""3"": 1}","{""0"": 324, ""1"": 35, ""2"": 6}"
753,252,Morning,"{""0"": 318, ""1"": 42, ""2"": 5}","{""0"": 358, ""1"": 7}"
754,252,Day,"{""0"": 324, ""1"": 32, ""2"": 9}","{""0"": 328, ""1"": 34, ""2"": 2, ""3"": 1}"
755,252,Evening,"{""0"": 304, ""1"": 45, ""2"": 13, ""3"": 3}","{""0"": 276, ""1"": 54, ""2"": 27, ""3"": 4, ""4"": 4}"
756,253,Morning,"{""0"": 314, ""1"": 44, ""2"": 7}","{""0"": 351, ""1"": 14}"
757,253,Day,"{""0"": 331, ""1"": 28, ""2"": 5, ""4"": 1}","{""0"": 323, ""1"": 36, ""2"": 6}"
758,253,Evening,"{""0"": 275, ""1"": 69, ""2"": 19, ""3"": 2}","{""0"": 262, ""1"": 69, ""2"": 25, ""3"": 8, ""4"": 1}"
759,254,Morning,"{""0"": 349, ""1"": 14, ""2"": 1, ""3"": 1}","{""0"": 354, ""1"": 10, ""2"": 1}"
760,254,Day,"{""0"": 345, ""1"": 18, ""2"": 2}","{""0"": 343, ""1"": 20, ""2"": 1, ""3"": 1}"
761,254,Evening,"{""0"": 335, ""1"": 28, ""2"": 2}","{""0"": 304, ""1"": 52, ""2"": 8, ""3"": 1}"
